CO_MUN;PIB_PER_CAPITA
1100015;32619.88
1100023;28878.27
1100031;47051.83
1100049;32313.26
1100056;46185.81
1100064;27923.92
1100072;56257.46
1100080;16446.15
1100098;23429.38
1100106;22462.79
1100114;34294.21
1100122;32292.16
1100130;21338.33
1100148;26762.31
1100155;27814.02
1100189;44275.07
1100205;36541.49
1100254;30827.94
1100262;47991.2
1100288;28076.24
1100296;35940.09
1100304;40328.81
1100320;39112.42
1100338;23076.28
1100346;25539.82
1100379;36454.01
1100403;22929.34
1100452;23549.74
1100502;28492.53
1100601;43655.88
1100700;25667.21
1100809;23357.78
1100908;34083.75
1100924;39880.28
1100940;17967.64
1101005;33566.66
1101104;19413.13
1101203;31484.85
1101302;24566.5
1101401;24129.89
1101435;23060.8
1101450;24597.92
1101468;115753.94
1101476;39684.71
1101484;26335.31
1101492;23143.16
1101500;28109.66
1101559;29158.81
1101609;24876.86
1101708;24682.0
1101757;19106.79
1101807;28605.27
1200013;25362.56
1200054;17507.67
1200104;25278.78
1200138;28455.38
1200179;41722.55
1200203;22934.82
1200252;33960.77
1200302;16207.64
1200328;13209.92
1200336;13704.87
1200344;19060.27
1200351;13020.98
1200385;29854.1
1200393;12845.86
1200401;26119.02
1200427;12933.1
1200435;15747.15
1200450;33253.93
1200500;15860.21
1200609;16279.09
1200708;22902.48
1200807;24623.3
1300029;13255.22
1300060;9960.76
1300086;9697.69
1300102;11324.94
1300144;13096.89
1300201;8862.72
1300300;12348.26
1300409;8844.22
1300508;10476.91
1300607;8664.03
1300631;10333.67
1300680;9102.4
1300706;14668.9
1300805;9500.35
1300839;13194.94
1300904;9656.23
1301001;12906.32
1301100;10180.17
1301159;13140.09
1301209;38982.37
1301308;17917.73
1301407;15726.02
1301506;10387.83
1301605;13576.3
1301654;10313.51
1301704;15039.21
1301803;6945.94
1301852;20150.9
1301902;22590.61
1301951;17438.6
1302009;16377.7
1302108;48893.98
1302207;8910.85
1302306;19787.31
1302405;13111.01
1302504;15506.76
1302553;9162.03
1302603;45782.75
1302702;11955.04
1302801;9630.41
1302900;9005.98
1303007;9535.02
1303106;8836.21
1303205;9146.03
1303304;9545.89
1303403;12255.21
1303502;10172.38
1303536;27087.68
1303569;11680.8
1303601;6994.54
1303700;11360.72
1303809;8995.21
1303908;8182.07
1303957;9307.06
1304005;18843.97
1304062;11065.89
1304104;14218.05
1304203;18538.27
1304237;9738.96
1304260;16562.54
1304302;12847.86
1304401;9654.77
1400027;17758.73
1400050;25280.78
1400100;30906.19
1400159;41131.03
1400175;18334.7
1400209;20026.4
1400233;22349.01
1400282;16497.32
1400308;21310.03
1400407;17232.37
1400456;16366.22
1400472;23333.09
1400506;38597.28
1400605;21740.96
1400704;13069.3
1500107;12150.04
1500131;13998.91
1500206;25714.69
1500305;11130.94
1500347;23136.75
1500404;12988.38
1500503;20220.01
1500602;26595.8
1500701;8607.88
1500800;16542.68
1500859;20061.15
1500909;7750.19
1500958;9584.87
1501006;9254.57
1501105;7837.69
1501204;11367.06
1501253;39829.41
1501303;71473.92
1501402;22216.33
1501451;13218.69
1501501;30668.86
1501576;14134.87
1501600;12325.25
1501709;10679.0
1501725;25519.93
1501758;15643.39
1501782;11579.35
1501808;8572.43
1501907;18061.39
1501956;6447.28
1502004;10504.21
1502103;9897.38
1502152;894806.28
1502202;20438.0
1502301;11289.26
1502400;22897.75
1502509;10269.71
1502608;8293.17
1502707;13775.85
1502756;12274.67
1502764;28975.18
1502772;206447.92
1502806;7951.38
1502855;10132.44
1502905;8998.53
1502939;15367.96
1502954;16321.07
1503002;11041.86
1503044;29053.27
1503077;10553.72
1503093;12156.01
1503101;9795.38
1503200;10600.35
1503309;10908.41
1503408;14541.47
1503457;9307.92
1503507;8517.6
1503606;30318.38
1503705;15755.46
1503754;90011.45
1503804;10173.91
1503903;24211.68
1504000;16981.77
1504059;11198.48
1504109;11448.24
1504208;47010.21
1504307;9810.78
1504406;9230.71
1504422;18986.11
1504455;31655.85
1504505;7711.49
1504604;14164.3
1504703;16005.52
1504752;17727.77
1504802;13850.64
1504901;8172.04
1504950;16303.8
1504976;11311.77
1505007;9426.75
1505031;37701.86
1505064;14231.91
1505106;18408.13
1505205;12629.63
1505304;30413.04
1505403;11097.32
1505437;38498.1
1505486;17666.57
1505494;13038.79
1505502;36952.54
1505536;227449.71
1505551;21515.23
1505601;8946.94
1505635;22561.23
1505650;10000.39
1505700;8599.05
1505809;14816.2
1505908;9531.67
1506005;14851.29
1506104;29545.97
1506112;8763.36
1506138;29567.91
1506161;33055.36
1506187;13787.05
1506195;9468.44
1506203;15593.74
1506302;8624.59
1506351;11027.66
1506401;9150.41
1506500;12835.31
1506559;9888.0
1506583;48203.76
1506609;14790.55
1506708;18185.03
1506807;20725.66
1506906;8838.35
1507003;14702.56
1507102;10061.58
1507151;13837.78
1507201;13579.38
1507300;14802.13
1507409;16546.12
1507458;28929.59
1507466;9120.92
1507474;7771.66
1507508;13249.93
1507607;13160.19
1507706;8974.71
1507755;23189.27
1507805;21785.17
1507904;9389.68
1507953;11579.35
1507961;6937.27
1507979;27253.9
1508001;16107.91
1508035;9044.03
1508050;16931.49
1508084;24210.5
1508100;48149.75
1508126;32043.86
1508159;17062.01
1508209;8724.37
1508308;9961.97
1508357;274351.7
1508407;35340.41
1600055;16524.09
1600105;17220.0
1600154;25720.52
1600204;16052.88
1600212;15220.38
1600238;70958.35
1600253;15338.73
1600279;21693.0
1600303;24768.62
1600402;16812.11
1600501;18536.44
1600535;16311.17
1600550;15752.05
1600600;20132.66
1600709;14378.77
1600808;14296.72
1700251;42979.98
1700301;23475.65
1700350;116268.4
1700400;39643.82
1700707;56569.78
1701002;16933.69
1701051;13892.42
1701101;52216.34
1701309;17255.24
1701903;33261.2
1702000;41464.68
1702109;28129.89
1702158;17393.75
1702208;14472.16
1702307;49244.74
1702406;21263.55
1702554;16169.5
1702703;15438.7
1702901;14372.21
1703008;14880.15
1703057;49202.29
1703073;24237.11
1703107;21523.42
1703206;23132.25
1703305;27228.47
1703602;34054.21
1703701;49268.03
1703800;13881.93
1703826;25532.91
1703842;95662.12
1703867;115073.33
1703883;26350.39
1703891;12139.52
1703909;70637.03
1704105;21765.64
1704600;28144.1
1705102;44736.71
1705508;23769.37
1705557;15713.45
1705607;16665.58
1706001;35759.76
1706100;24393.72
1706258;44965.53
1706506;38709.07
1707009;28401.58
1707108;35676.38
1707207;30133.74
1707306;43697.08
1707405;10525.18
1707553;23300.23
1707652;49167.4
1707702;14543.77
1708205;77025.73
1708254;89062.14
1708304;37675.68
1709005;17535.44
1709302;33344.81
1709500;29950.02
1709807;22879.08
1710508;24931.04
1710706;14240.76
1710904;44971.71
1711100;29013.31
1711506;25054.97
1711803;20420.86
1711902;71373.6
1711951;20006.44
1712009;20132.79
1712157;19087.53
1712405;17797.6
1712454;22243.61
1712504;47323.84
1712702;91006.23
1712801;16112.55
1713205;36419.5
1713304;28804.15
1713601;36212.17
1713700;32455.42
1713809;13961.56
1713957;19173.33
1714203;26722.15
1714302;15413.41
1714880;26661.49
1715002;23209.5
1715101;19038.97
1715150;15232.02
1715259;15416.09
1715507;26217.62
1715705;29731.96
1715754;22110.47
1716109;28820.73
1716208;30250.98
1716307;18663.11
1716505;60775.63
1716604;61181.18
1716653;19402.49
1716703;22628.82
1717008;19258.19
1717206;29605.14
1717503;46221.52
1717800;14426.13
1717909;14791.31
1718006;14700.83
1718204;68063.36
1718303;10876.87
1718402;17765.89
1718451;30103.17
1718501;20842.97
1718550;14511.21
1718659;13180.67
1718709;29846.56
1718758;17150.42
1718808;29914.52
1718840;34629.51
1718865;22913.12
1718881;39477.03
1718899;74895.13
1718907;63257.61
1719004;16427.06
1720002;16573.51
1720101;13485.35
1720150;22696.11
1720200;20555.57
1720259;15926.43
1720309;12618.29
1720499;40731.32
1720655;44080.81
1720804;14820.08
1720853;265258.58
1720903;18758.26
1720937;16145.79
1720978;51821.96
1721000;32977.35
1721109;24892.41
1721208;16329.62
1721257;60880.42
1721307;13866.63
1722081;15566.87
1722107;40958.25
2100055;33649.84
2100105;12828.8
2100154;7986.15
2100204;6725.0
2100303;9246.08
2100402;8669.76
2100436;10801.55
2100477;7876.42
2100501;51543.79
2100550;9963.57
2100600;9250.86
2100709;7642.36
2100808;9289.48
2100832;7620.23
2100873;6491.48
2100907;6005.38
2100956;8845.77
2101004;10438.57
2101103;7964.97
2101202;14412.91
2101251;34352.98
2101301;6563.37
2101350;6952.32
2101400;65059.77
2101509;14115.69
2101608;10004.24
2101707;9951.26
2101731;8006.04
2101772;9480.51
2101806;12965.11
2101905;6480.26
2101939;17228.18
2101970;7953.1
2102002;9793.62
2102036;10706.25
2102077;7116.84
2102101;8907.79
2102150;8040.01
2102200;9613.88
2102309;9949.14
2102325;10165.53
2102358;7901.52
2102374;6404.03
2102408;6279.23
2102507;6562.71
2102556;14730.8
2102606;7205.58
2102705;6900.34
2102754;25967.91
2102804;21777.14
2102903;8385.15
2103000;12716.38
2103109;7338.43
2103125;6627.67
2103158;7477.72
2103174;9104.32
2103208;11083.69
2103257;12358.65
2103307;13364.78
2103406;9291.68
2103505;13349.73
2103554;8891.36
2103604;8111.96
2103703;8126.4
2103752;14720.3
2103802;11224.99
2103901;7591.12
2104008;9369.44
2104057;26423.96
2104073;13874.85
2104081;9511.64
2104099;10408.29
2104107;27382.7
2104206;8046.3
2104305;219655.83
2104404;8360.04
2104503;8409.54
2104552;20012.29
2104602;8056.04
2104628;9024.42
2104651;8318.48
2104677;10117.49
2104701;8651.28
2104800;16265.45
2104909;7806.63
2105005;6327.78
2105104;6526.37
2105153;25617.96
2105203;10281.52
2105302;29592.7
2105351;6641.29
2105401;11164.32
2105427;18721.59
2105450;7234.91
2105476;7344.62
2105500;11431.55
2105609;7182.9
2105658;14239.39
2105708;10802.34
2105807;7950.66
2105906;8294.05
2105922;8601.56
2105948;9500.91
2105963;8882.77
2105989;13260.77
2106003;22990.34
2106102;33679.95
2106201;8174.33
2106300;6970.01
2106326;9510.69
2106359;11708.59
2106375;7218.19
2106409;10468.37
2106508;8341.52
2106607;7519.44
2106631;5737.04
2106672;7569.41
2106706;13202.25
2106755;27081.27
2106805;7442.26
2106904;7604.26
2107001;9543.41
2107100;7607.88
2107209;5971.88
2107258;15805.56
2107308;10887.92
2107357;8629.42
2107407;9604.66
2107456;7169.1
2107506;9903.22
2107605;7012.83
2107704;8501.35
2107803;9200.29
2107902;10394.2
2108009;15718.51
2108058;7263.57
2108108;9206.4
2108207;20119.04
2108256;6177.79
2108306;6509.64
2108405;6677.29
2108454;9794.8
2108504;8926.87
2108603;12358.06
2108702;8995.4
2108801;6952.31
2108900;9416.88
2109007;42237.94
2109056;7726.92
2109106;15659.03
2109205;6530.55
2109239;8519.79
2109270;8586.92
2109304;6725.89
2109403;5732.25
2109452;9060.95
2109502;33184.18
2109551;15804.57
2109601;10249.99
2109700;83488.56
2109759;7643.59
2109809;8359.57
2109908;16303.11
2110005;10171.02
2110039;9940.98
2110104;8441.37
2110203;9157.47
2110237;5407.66
2110278;5916.27
2110302;210498.16
2110401;7644.43
2110500;6789.21
2110609;9756.48
2110658;43036.91
2110708;10350.64
2110807;18980.02
2110856;10037.61
2110906;8097.27
2111003;6540.54
2111029;7803.06
2111052;13516.41
2111078;8343.29
2111102;13084.13
2111201;12719.88
2111250;8110.03
2111300;32739.65
2111409;9144.38
2111508;10282.41
2111532;9987.76
2111573;17777.02
2111607;38745.98
2111631;8744.58
2111672;6677.17
2111706;6493.02
2111722;6522.36
2111748;9025.36
2111763;13387.31
2111789;7006.1
2111805;12147.76
2111904;11874.38
2111953;8434.63
2112001;272095.76
2112100;6716.09
2112209;13547.65
2112233;23648.98
2112274;10236.97
2112308;8646.78
2112407;8264.7
2112456;8544.48
2112506;9115.54
2112605;7325.64
2112704;7499.62
2112803;9280.44
2112852;11372.37
2112902;9656.01
2113009;10328.9
2114007;10867.33
2200053;10332.99
2200103;9229.59
2200202;13921.29
2200251;8523.28
2200277;9791.41
2200301;9112.43
2200400;13219.3
2200459;15016.43
2200509;10937.14
2200608;9846.26
2200707;9900.44
2200806;45295.91
2200905;9847.89
2200954;9652.94
2201002;10380.26
2201051;8156.68
2201101;8590.91
2201150;150504.56
2201176;9856.65
2201200;10520.51
2201309;48620.97
2201408;12792.63
2201507;9305.89
2201556;11591.5
2201572;11440.06
2201606;8769.43
2201705;13091.16
2201739;10067.79
2201770;9127.74
2201804;10594.7
2201903;55119.81
2201919;12374.89
2201929;9288.55
2201945;8028.09
2201960;8288.44
2201988;11500.45
2202000;10828.33
2202026;8414.58
2202059;8071.8
2202075;9532.17
2202083;14976.18
2202091;33715.63
2202109;10216.08
2202117;10086.52
2202133;10378.37
2202174;7702.79
2202208;15034.35
2202251;10652.17
2202307;12725.69
2202406;9276.42
2202455;10582.72
2202505;8855.03
2202539;9718.63
2202554;9806.1
2202604;10267.96
2202653;9702.47
2202703;9776.23
2202711;9568.33
2202729;9216.79
2202737;9324.45
2202752;10780.57
2202778;8886.02
2202802;12564.06
2202851;8694.47
2202901;25426.51
2203008;8990.27
2203107;11616.02
2203206;12336.59
2203230;82098.16
2203255;8862.51
2203271;14544.26
2203305;15267.54
2203354;9578.83
2203404;11245.65
2203420;10692.03
2203453;17165.89
2203503;11321.73
2203602;11246.54
2203701;11427.08
2203750;8775.69
2203800;10786.85
2203859;9862.71
2203909;24441.02
2204006;8381.02
2204105;10875.11
2204154;10211.77
2204204;8811.07
2204303;9619.68
2204352;10818.51
2204402;38969.38
2204501;60708.08
2204550;9861.95
2204600;8779.97
2204659;12619.94
2204709;10673.42
2204808;8356.14
2204907;9414.86
2205003;9350.28
2205102;11946.42
2205151;12078.34
2205201;9970.93
2205250;8764.19
2205276;12026.02
2205300;14298.42
2205359;23073.1
2205409;8258.82
2205458;8423.08
2205508;9902.38
2205516;10209.14
2205524;14292.17
2205532;9095.2
2205540;14117.98
2205557;8979.51
2205565;114788.12
2205573;8091.31
2205581;18505.9
2205599;9311.16
2205607;20826.76
2205706;12392.72
2205805;9451.85
2205854;8975.26
2205904;10240.38
2205953;23091.01
2206001;12072.99
2206050;8074.67
2206100;8703.44
2206209;9227.43
2206308;19050.85
2206357;8111.92
2206407;12067.47
2206506;9361.82
2206605;28073.98
2206654;8648.56
2206670;9150.19
2206696;8091.22
2206704;9175.58
2206720;10984.42
2206753;9750.53
2206803;8975.73
2206902;8884.0
2206951;10364.07
2207009;15735.17
2207108;11599.13
2207207;10744.13
2207306;10729.66
2207355;15392.7
2207405;28128.29
2207504;9478.06
2207553;11253.3
2207603;10991.62
2207702;19296.04
2207751;11257.84
2207777;10066.77
2207793;8230.14
2207801;13006.31
2207850;10293.08
2207900;9952.46
2207934;12278.29
2207959;10002.45
2208007;24676.75
2208106;8804.35
2208205;10957.54
2208304;12556.04
2208403;14362.92
2208502;9374.27
2208551;14373.9
2208601;8759.54
2208650;28037.27
2208700;11110.79
2208809;14712.38
2208858;10747.61
2208874;48319.61
2208908;93932.89
2209005;9557.12
2209104;9755.44
2209153;11238.76
2209203;98463.36
2209302;10584.41
2209351;8775.63
2209377;9559.86
2209401;11111.78
2209450;8310.8
2209500;10600.47
2209559;8861.86
2209609;10987.34
2209658;9575.04
2209708;9101.72
2209757;17781.61
2209807;11247.99
2209856;10677.94
2209872;10013.9
2209906;9781.02
2209955;7546.96
2209971;8439.67
2210003;20605.74
2210052;11892.03
2210102;11462.74
2210201;10166.49
2210300;9332.78
2210359;9891.95
2210375;9566.51
2210383;11104.36
2210391;15628.44
2210409;9273.86
2210508;9391.24
2210607;16160.36
2210623;13602.93
2210631;59247.26
2210656;7758.71
2210706;29626.58
2210805;14307.61
2210904;9011.75
2210938;11305.35
2210953;10339.42
2210979;11931.15
2211001;27430.28
2211100;9413.79
2211209;129458.67
2211308;13832.67
2211357;9034.44
2211407;9355.32
2211506;10083.52
2211605;12618.45
2211704;8485.79
2300101;9859.67
2300150;11888.66
2300200;16051.99
2300309;10322.74
2300408;8621.26
2300507;8289.87
2300606;9680.24
2300705;14447.21
2300754;15057.63
2300804;10666.5
2300903;8206.35
2301000;47245.19
2301109;22637.56
2301208;10015.85
2301257;9722.66
2301307;9581.32
2301406;12896.07
2301505;8947.96
2301604;10080.26
2301703;8824.53
2301802;10690.19
2301851;14199.25
2301901;21815.78
2301950;10566.4
2302008;10599.42
2302057;8848.31
2302107;12408.24
2302206;19497.48
2302305;9809.26
2302404;9861.34
2302503;16277.2
2302602;13087.13
2302701;10626.15
2302800;11761.86
2302909;9916.38
2303006;8090.43
2303105;10455.04
2303204;9372.28
2303303;9678.31
2303402;9388.72
2303501;14777.0
2303600;7324.19
2303659;10766.7
2303709;28229.51
2303808;9656.59
2303907;8413.49
2303931;13153.2
2303956;12830.19
2304004;9643.95
2304103;12661.3
2304202;13976.14
2304236;12331.0
2304251;14834.67
2304269;10402.46
2304277;11123.49
2304285;65008.58
2304301;10462.89
2304350;12356.43
2304400;27164.45
2304459;18625.44
2304509;19437.91
2304608;11196.45
2304657;8998.32
2304707;8508.38
2304806;10730.92
2304905;9872.09
2304954;8751.83
2305001;16353.68
2305100;15847.79
2305209;9193.31
2305233;30381.03
2305266;9881.62
2305308;13850.18
2305332;9815.44
2305357;20364.73
2305407;10797.31
2305506;18380.39
2305605;11712.06
2305654;9841.12
2305704;11469.63
2305803;12333.79
2305902;8620.09
2306009;13607.57
2306108;9009.98
2306207;10482.61
2306256;32560.63
2306306;11124.48
2306405;13547.33
2306504;8246.45
2306553;18001.79
2306603;7903.96
2306702;12498.97
2306801;13298.99
2306900;16222.68
2307007;16694.97
2307106;10819.64
2307205;15917.63
2307254;27106.16
2307304;18381.08
2307403;12801.05
2307502;10906.84
2307601;23631.38
2307635;8728.0
2307650;53410.24
2307700;12527.08
2307809;14052.51
2307908;8444.53
2308005;9626.56
2308104;10698.7
2308203;8445.56
2308302;10477.64
2308351;14874.7
2308377;8062.95
2308401;14506.46
2308500;10174.82
2308609;9308.34
2308708;20731.68
2308807;8555.95
2308906;8462.73
2309003;9016.67
2309102;11197.64
2309201;10341.85
2309300;10371.24
2309409;9854.38
2309458;10972.95
2309508;10256.74
2309607;18349.45
2309706;14421.49
2309805;12049.56
2309904;9130.3
2310001;10443.35
2310100;8494.35
2310209;15648.56
2310258;16102.82
2310308;9196.54
2310407;9034.57
2310506;8992.69
2310605;13268.38
2310704;12741.76
2310803;34273.12
2310852;13110.66
2310902;9418.47
2310951;7621.25
2311009;8852.69
2311108;12491.62
2311207;9903.27
2311231;14998.54
2311264;8694.35
2311306;12484.6
2311355;12336.81
2311405;17008.8
2311504;28397.62
2311603;14018.29
2311702;10433.27
2311801;14563.46
2311900;10779.74
2311959;9529.97
2312007;8525.54
2312106;8985.52
2312205;14495.07
2312304;12970.59
2312403;175103.17
2312502;14277.9
2312601;10171.88
2312700;13859.14
2312809;8090.43
2312908;25396.38
2313005;16492.67
2313104;14046.37
2313203;10773.18
2313252;10015.43
2313302;12012.28
2313351;7006.68
2313401;22470.08
2313500;19683.75
2313559;8324.01
2313609;18190.85
2313708;8971.66
2313757;8650.25
2313807;13475.87
2313906;21318.78
2313955;20292.61
2314003;11395.42
2314102;9744.18
2400109;12785.32
2400208;24982.91
2400307;12542.16
2400406;10492.84
2400505;11145.72
2400604;10685.63
2400703;41300.47
2400802;15405.34
2400901;9149.14
2401008;19763.55
2401107;33242.44
2401206;26616.72
2401305;10877.1
2401404;34677.49
2401453;25638.97
2401503;11497.86
2401602;15927.67
2401651;132001.37
2401701;10591.65
2401800;10833.97
2401859;17069.03
2401909;16143.48
2402006;20295.8
2402105;9413.69
2402204;17397.55
2402303;18149.44
2402402;14267.01
2402501;19226.26
2402600;13494.44
2402709;12557.0
2402808;9545.02
2402907;9794.12
2403004;15454.6
2403103;17863.07
2403202;11114.41
2403251;25121.67
2403301;10934.35
2403400;13518.66
2403509;9326.78
2403608;19480.39
2403707;28927.71
2403756;12680.91
2403806;12330.46
2403905;11695.31
2404002;11186.02
2404101;56016.95
2404200;20240.57
2404309;29451.9
2404408;15018.53
2404507;125585.4
2404606;10027.88
2404705;12469.1
2404804;15428.38
2404853;13014.65
2404903;12471.65
2405009;9248.51
2405108;14685.2
2405207;16162.7
2405306;8189.45
2405405;10445.41
2405504;24766.12
2405603;14179.47
2405702;16777.7
2405801;35911.78
2405900;10550.88
2406007;11347.37
2406106;17226.13
2406155;10683.94
2406205;10339.92
2406304;10674.5
2406403;13997.62
2406502;16941.79
2406601;11297.65
2406700;14542.47
2406809;10821.07
2406908;12709.13
2407005;8631.64
2407104;22071.67
2407203;34442.75
2407252;11702.61
2407302;9956.78
2407401;12308.92
2407500;10609.91
2407609;11903.59
2407708;11667.96
2407807;11959.45
2407906;15689.24
2408003;26570.03
2408102;26972.28
2408201;16794.8
2408300;14925.2
2408409;11234.48
2408508;12820.35
2408607;10221.39
2408706;14806.41
2408805;114234.25
2408904;17071.27
2408953;16932.1
2409100;11145.41
2409209;14813.47
2409308;12511.75
2409332;13716.38
2409407;23028.8
2409506;92723.55
2409605;14934.93
2409704;12137.15
2409803;11667.15
2409902;49152.82
2410009;10725.5
2410108;8427.81
2410207;9936.33
2410256;22630.26
2410306;10267.49
2410405;17244.83
2410504;10327.88
2410603;13519.41
2410702;10281.68
2410801;10375.2
2410900;23123.68
2411007;13281.03
2411056;27563.89
2411106;35372.02
2411205;15362.76
2411403;12452.57
2411429;13469.57
2411502;12387.88
2411601;204407.46
2411700;10047.06
2411809;17636.59
2411908;12718.54
2412005;18157.09
2412104;13596.91
2412203;23357.8
2412302;9696.34
2412401;17856.69
2412500;13440.83
2412559;47183.26
2412609;12966.47
2412708;9475.4
2412807;10836.58
2412906;10114.52
2413003;11877.99
2413102;9806.43
2413201;25731.61
2413300;10003.6
2413359;70243.25
2413409;14666.95
2413508;11732.81
2413557;10303.67
2413607;36201.68
2413706;9604.36
2413805;12460.84
2413904;12603.48
2414001;12605.26
2414100;10398.97
2414159;17631.19
2414209;28299.48
2414308;17972.11
2414407;24167.89
2414456;14344.56
2414506;14421.3
2414605;14337.24
2414704;10229.06
2414753;10208.67
2414803;10436.42
2414902;13425.15
2415008;13802.94
2500106;8870.96
2500205;10689.52
2500304;10573.42
2500403;15961.14
2500502;9468.2
2500536;9968.7
2500577;11062.36
2500601;171143.98
2500700;12515.6
2500734;13000.44
2500775;12405.76
2500809;11026.72
2500908;8250.02
2501005;9912.59
2501104;11435.64
2501153;12396.9
2501203;8871.24
2501302;8803.78
2501351;11924.64
2501401;11727.05
2501500;13143.47
2501534;9891.45
2501575;10889.99
2501609;9665.19
2501708;13915.49
2501807;14016.16
2501906;12297.24
2502003;10679.3
2502052;11211.72
2502102;9835.17
2502151;28593.35
2502201;12384.4
2502300;11041.7
2502409;7962.14
2502508;14310.05
2502607;9976.11
2502706;13030.55
2502805;10299.88
2502904;9926.14
2503001;21157.09
2503100;20400.58
2503209;45182.89
2503308;12042.75
2503407;10546.32
2503506;8971.73
2503555;9287.68
2503605;9142.39
2503704;19683.9
2503753;13058.29
2503803;12293.26
2503902;11845.53
2504009;25066.11
2504033;11264.11
2504074;10032.69
2504108;11403.91
2504157;9298.49
2504207;10712.59
2504306;16405.68
2504355;12589.86
2504405;10983.17
2504504;13565.45
2504603;50786.89
2504702;12890.01
2504801;16167.95
2504850;12328.94
2504900;10863.92
2505006;9765.34
2505105;10842.53
2505204;9890.58
2505238;11652.59
2505279;10659.61
2505303;10679.09
2505352;9294.97
2505402;8727.17
2505501;10231.1
2505600;9121.54
2505709;9043.88
2505808;12615.62
2505907;11709.62
2506004;15193.67
2506103;9419.68
2506202;10125.12
2506251;9190.85
2506301;30143.08
2506400;10688.13
2506509;11022.19
2506608;9830.27
2506707;8277.65
2506806;10721.55
2506905;13783.7
2507002;13671.27
2507101;10877.47
2507200;14022.61
2507309;11414.24
2507408;9844.33
2507507;26936.78
2507606;9124.1
2507705;11417.26
2507804;13346.55
2507903;10836.82
2508000;8876.57
2508109;11041.33
2508208;10773.37
2508307;11171.49
2508406;10932.15
2508505;9629.25
2508554;11041.91
2508604;16716.6
2508703;9680.02
2508802;13865.76
2508901;17737.3
2509008;9230.77
2509057;10938.7
2509107;11043.96
2509156;12250.49
2509206;9262.0
2509305;27832.84
2509339;11933.63
2509370;10801.82
2509396;9239.25
2509404;12416.64
2509503;9515.07
2509602;9877.56
2509701;18888.75
2509800;9852.41
2509909;9136.26
2510006;9072.36
2510105;9384.37
2510204;9810.23
2510303;9775.17
2510402;9665.68
2510501;10926.23
2510600;12542.35
2510659;12304.05
2510709;11765.11
2510808;18329.13
2510907;12651.17
2511004;9853.48
2511103;10067.2
2511202;19452.45
2511301;12776.52
2511400;11378.13
2511509;10111.37
2511608;14641.92
2511707;10373.93
2511806;8980.48
2511905;22092.43
2512002;15101.87
2512036;10376.63
2512077;10717.41
2512101;14177.59
2512200;15167.11
2512309;11215.0
2512408;9987.45
2512507;13646.91
2512606;13312.85
2512705;9080.26
2512721;9315.19
2512747;9997.84
2512754;10982.25
2512762;12291.97
2512788;15288.7
2512804;10822.34
2512903;13272.79
2513000;8413.51
2513109;10610.87
2513158;10059.66
2513208;9441.21
2513307;10620.57
2513356;10235.53
2513406;24065.43
2513505;10012.95
2513604;9671.89
2513653;12501.62
2513703;18949.73
2513802;12569.44
2513851;11758.94
2513901;16364.14
2513927;11957.9
2513943;10850.34
2513968;11595.69
2513984;11583.67
2514008;13260.21
2514107;9283.18
2514206;9440.27
2514305;8697.78
2514404;11844.18
2514453;14343.99
2514503;11289.98
2514552;8730.43
2514602;8943.38
2514651;15975.52
2514701;30132.81
2514800;10237.66
2514909;10705.26
2515005;11090.71
2515104;8970.65
2515203;11433.3
2515302;12756.07
2515401;8232.3
2515500;10694.7
2515609;11892.76
2515708;11360.25
2515807;10172.58
2515906;11212.51
2515930;10612.64
2515971;14360.58
2516003;13553.35
2516102;13377.14
2516151;10663.42
2516201;18836.93
2516300;11749.92
2516409;8317.81
2516508;8977.25
2516607;9458.45
2516706;11027.51
2516755;11111.22
2516805;9233.39
2516904;12537.15
2517001;9193.27
2517100;13087.54
2517209;9766.21
2517407;11882.14
2600054;17123.06
2600104;14430.74
2600203;10500.7
2600302;13980.13
2600401;6950.9
2600500;9132.13
2600609;9794.9
2600708;10761.16
2600807;9679.46
2600906;12850.59
2601003;12588.25
2601052;7732.35
2601102;14912.98
2601201;16141.61
2601300;10042.58
2601409;11757.3
2601508;8176.47
2601607;17669.71
2601706;35942.24
2601805;8220.08
2601904;15794.39
2602001;8211.64
2602100;13132.22
2602209;9165.99
2602308;14155.54
2602407;20451.9
2602506;11200.23
2602605;8924.43
2602704;10068.94
2602803;9235.21
2602902;65022.05
2603009;12676.5
2603108;12337.22
2603207;14578.59
2603306;10497.94
2603405;8756.96
2603454;13940.29
2603504;9518.74
2603603;33213.32
2603702;10232.04
2603801;12173.46
2603900;9841.63
2603926;6359.89
2604007;20496.82
2604106;23456.58
2604155;7052.53
2604205;8236.25
2604304;10474.55
2604403;12371.37
2604502;11454.82
2604601;9378.26
2604700;10477.19
2604809;9686.87
2604908;11508.33
2605004;11700.13
2605103;15780.83
2605152;12783.05
2605202;18743.36
2605301;10253.15
2605400;11071.1
2605459;73108.78
2605509;10846.66
2605608;8530.94
2605707;13294.71
2605806;8407.94
2605905;8685.09
2606002;21769.91
2606101;17979.59
2606200;132714.72
2606309;10339.0
2606408;15938.31
2606507;10153.51
2606606;11158.32
2606705;11003.14
2606804;29003.48
2606903;9161.79
2607000;8191.73
2607109;11130.08
2607208;150647.79
2607307;10800.4
2607406;14220.22
2607505;10789.31
2607604;11051.57
2607653;14321.34
2607703;10367.12
2607752;87814.64
2607802;9431.09
2607901;22680.83
2607950;9611.54
2608008;8948.98
2608057;10318.9
2608107;9432.35
2608206;11332.6
2608255;11197.05
2608305;14274.96
2608404;8579.73
2608453;16313.12
2608503;22468.99
2608602;10467.9
2608701;8286.49
2608750;17510.3
2608800;14323.21
2608909;14930.68
2609006;11092.43
2609105;13069.99
2609154;6293.67
2609204;8333.9
2609303;10509.75
2609402;13990.88
2609501;21071.46
2609600;14700.91
2609709;16626.83
2609808;12178.95
2609907;11076.44
2610004;14497.54
2610103;10648.42
2610202;8682.82
2610301;24618.65
2610400;9604.04
2610509;9167.82
2610608;16153.32
2610707;16596.43
2610806;13488.22
2610905;12776.4
2611002;44994.8
2611101;22244.46
2611200;9029.63
2611309;19577.38
2611408;19151.45
2611507;7310.24
2611533;9868.19
2611606;33094.37
2611705;12560.89
2611804;12055.44
2611903;16015.49
2612000;18356.8
2612109;7217.62
2612208;16278.25
2612307;10771.47
2612406;9091.27
2612455;8501.98
2612471;8935.61
2612505;17222.96
2612554;7636.03
2612604;13344.05
2612703;8545.0
2612802;9637.75
2612901;7205.9
2613008;24529.96
2613107;11941.92
2613206;16964.2
2613305;8650.9
2613404;13307.45
2613503;10021.24
2613602;12894.4
2613701;12568.1
2613800;11544.25
2613909;19359.84
2614006;8382.02
2614105;10151.94
2614204;15423.1
2614303;8074.11
2614402;9390.24
2614501;13831.85
2614600;10911.39
2614709;11614.02
2614808;9530.56
2614857;16595.43
2615003;11354.57
2615102;10463.31
2615201;9236.21
2615300;14197.56
2615409;16237.1
2615508;12746.76
2615607;13472.16
2615706;10330.73
2615805;8172.21
2615904;10783.76
2616001;13132.41
2616100;8454.94
2616183;9840.59
2616209;9187.16
2616308;15789.45
2616407;32423.08
2616506;9561.92
2700102;10001.22
2700201;14306.13
2700300;25248.44
2700409;31559.62
2700508;16172.16
2700607;28270.19
2700706;12469.24
2700805;45271.74
2700904;22537.83
2701001;18448.64
2701100;74372.69
2701209;12862.72
2701308;9714.88
2701357;12587.35
2701407;12667.0
2701506;11081.26
2701605;9397.43
2701704;14667.35
2701803;9487.37
2701902;24000.91
2702009;19962.67
2702108;18115.76
2702207;16327.02
2702306;30919.95
2702355;19704.12
2702405;12834.04
2702504;9516.99
2702553;8431.41
2702603;19265.73
2702702;34150.21
2702801;23221.2
2702900;13225.91
2703007;12563.99
2703106;12186.03
2703205;23178.66
2703304;9497.81
2703403;14453.21
2703502;27819.57
2703601;29841.33
2703700;13542.28
2703759;33230.86
2703809;21556.45
2703908;13301.11
2704005;22253.75
2704104;15431.61
2704203;23703.54
2704302;26642.2
2704401;14226.02
2704500;33547.15
2704609;10253.11
2704708;64514.89
2704807;14324.64
2704906;14663.33
2705002;14071.19
2705101;15668.42
2705200;12147.11
2705309;14016.88
2705408;11292.89
2705507;20687.62
2705606;14584.85
2705705;12529.97
2705804;9775.21
2705903;13556.59
2706000;9317.95
2706109;9543.68
2706208;9071.45
2706307;16085.04
2706406;10967.88
2706422;13747.59
2706448;17561.86
2706505;22090.3
2706604;14540.74
2706703;15371.47
2706802;25653.76
2706901;19147.73
2707008;20473.17
2707107;13584.64
2707206;8693.95
2707305;15105.53
2707404;43738.21
2707503;13337.96
2707602;16876.56
2707701;18806.12
2707800;30769.1
2707909;37770.24
2708006;13489.5
2708105;132421.08
2708204;18535.41
2708303;24433.4
2708402;10251.63
2708501;27097.07
2708600;22027.55
2708709;30158.25
2708808;24947.59
2708907;18584.75
2708956;8721.59
2709004;15070.53
2709103;25335.01
2709152;30461.61
2709202;10630.43
2709301;21467.05
2709400;23158.1
2800100;15912.33
2800209;13207.67
2800308;27364.4
2800407;14240.03
2800506;13400.43
2800605;82114.31
2800670;12345.44
2800704;11420.45
2801009;12970.1
2801108;21093.28
2801207;93714.69
2801306;11069.02
2801405;16961.45
2801504;24524.19
2801603;10843.89
2801702;13793.37
2801900;17337.61
2802007;35655.8
2802106;30414.67
2802205;20459.03
2802304;20699.94
2802403;15476.38
2802502;12724.95
2802601;17318.21
2802700;11947.29
2802809;12524.93
2802908;22855.2
2803005;12637.01
2803104;16662.02
2803203;25111.13
2803302;27688.64
2803401;15694.65
2803500;16962.87
2803609;38315.91
2803708;12787.0
2803807;14201.78
2803906;13651.02
2804003;25877.99
2804102;18173.42
2804201;14296.61
2804300;12630.39
2804409;17710.07
2804458;12457.55
2804508;20967.52
2804607;15422.2
2804706;14005.97
2804805;17219.66
2804904;16153.08
2805000;14509.43
2805109;10171.24
2805208;13712.8
2805307;14616.53
2805406;11738.11
2805505;13427.56
2805604;12732.86
2805703;18628.15
2805802;16600.44
2805901;21479.71
2806008;17968.51
2806107;42028.68
2806206;10848.3
2806305;13564.94
2806404;13505.26
2806503;14005.48
2806602;13743.05
2806701;11203.61
2806800;11992.45
2806909;14603.48
2807006;12573.79
2807105;19408.9
2807204;19537.43
2807303;13488.67
2807402;12405.95
2807501;10858.98
2807600;15564.7
2900108;8086.04
2900207;10127.1
2900306;9499.76
2900355;13986.28
2900405;9269.33
2900504;7425.41
2900603;12244.83
2900702;29621.32
2900801;15437.27
2900900;11924.08
2901007;12327.08
2901106;17505.45
2901155;10440.54
2901205;10592.91
2901304;10254.35
2901353;15500.25
2901403;13699.3
2901502;6927.47
2901601;8179.38
2901700;10644.2
2901809;6917.74
2901908;8332.08
2901957;10214.51
2902005;11245.32
2902054;24447.56
2902104;8950.31
2902203;9008.7
2902252;9308.59
2902302;9038.92
2902401;12365.87
2902500;18872.77
2902609;9527.52
2902658;8572.74
2902708;7941.89
2902807;18698.56
2902906;18602.26
2903003;8829.23
2903102;14125.28
2903201;44221.63
2903235;7440.78
2903276;21334.14
2903300;15044.1
2903409;15875.7
2903508;9968.92
2903607;9096.16
2903706;9270.48
2903805;8399.59
2903904;19356.52
2903953;7162.09
2904001;8127.31
2904050;15926.9
2904100;8800.66
2904209;10949.08
2904308;10196.49
2904407;11827.72
2904506;9019.03
2904605;26432.55
2904704;11436.46
2904753;7251.29
2904803;12419.86
2904852;7427.62
2904902;14239.25
2905008;15563.12
2905107;10356.18
2905156;6991.41
2905206;21464.71
2905305;11697.42
2905404;80656.9
2905503;7581.19
2905602;11067.74
2905701;109866.84
2905800;13215.31
2905909;10246.22
2906006;28885.32
2906105;8764.22
2906204;9778.68
2906303;12876.82
2906402;8360.25
2906501;77650.5
2906600;9769.54
2906709;9819.28
2906808;10100.52
2906824;9098.77
2906857;11169.61
2906873;18670.35
2906899;9955.16
2906907;16145.53
2907004;12530.82
2907103;9910.07
2907202;11975.02
2907301;12030.84
2907400;22354.47
2907509;12592.64
2907558;8412.58
2907608;8935.69
2907707;9401.51
2907806;12258.65
2907905;8929.66
2908002;11847.5
2908101;29725.02
2908200;16397.98
2908309;11720.12
2908408;13126.28
2908507;82100.68
2908606;11018.15
2908705;9996.28
2908804;12615.63
2908903;10109.67
2909000;8165.47
2909109;11985.85
2909208;11271.2
2909307;101729.95
2909406;12456.61
2909505;8577.98
2909604;9714.12
2909703;11289.8
2909802;16307.21
2909901;10130.36
2910008;12191.08
2910057;36442.65
2910107;11587.29
2910206;10611.99
2910305;9439.42
2910404;16098.09
2910503;16224.35
2910602;19310.56
2910701;13015.7
2910727;27765.39
2910750;15735.76
2910776;11153.59
2910800;27691.08
2910859;8543.03
2910909;12562.8
2911006;9648.1
2911105;176491.78
2911204;14071.41
2911253;11301.64
2911303;11827.29
2911402;16667.38
2911501;11159.75
2911600;10672.92
2911659;10780.99
2911709;19386.67
2911808;13590.15
2911857;10865.5
2911907;9901.89
2912004;11182.71
2912103;9808.89
2912202;22178.77
2912301;12074.07
2912400;9651.64
2912509;7837.77
2912608;9225.14
2912707;12198.46
2912806;51568.29
2912905;14325.97
2913002;6906.7
2913101;9120.25
2913200;15348.75
2913309;9048.63
2913408;12664.23
2913457;16288.25
2913507;9125.5
2913606;32756.0
2913705;15368.34
2913804;7390.06
2913903;12373.92
2914000;11216.33
2914109;10101.62
2914208;10689.38
2914307;13042.63
2914406;34878.97
2914505;9764.11
2914604;20694.32
2914653;16648.04
2914703;15384.75
2914802;19618.7
2914901;14680.53
2915007;7842.24
2915106;10595.26
2915205;76971.85
2915304;18787.88
2915353;10422.22
2915403;13741.79
2915502;12583.72
2915601;17246.19
2915700;12969.76
2915809;13117.21
2915908;12733.07
2916005;15276.69
2916104;11005.21
2916203;12829.96
2916302;32993.84
2916401;18952.34
2916500;12139.08
2916609;9207.43
2916708;12028.25
2916807;16610.89
2916856;29483.13
2916906;9672.65
2917003;9731.99
2917102;12310.7
2917201;13448.72
2917300;12734.98
2917334;12087.01
2917359;164407.7
2917409;8274.98
2917508;23131.75
2917607;12349.81
2917706;35329.66
2917805;10789.9
2917904;15659.59
2918001;20325.74
2918100;12278.09
2918209;10314.26
2918308;16772.13
2918357;11604.44
2918407;23601.32
2918456;14417.25
2918506;7456.05
2918555;12528.13
2918605;11898.43
2918704;15087.98
2918753;7536.82
2918803;12075.74
2918902;28301.41
2919009;16301.42
2919058;9120.23
2919108;8049.98
2919157;11066.55
2919207;35778.64
2919306;14642.25
2919405;12747.54
2919504;12415.24
2919553;95182.4
2919603;8021.62
2919702;11918.82
2919801;8545.27
2919900;8711.97
2919926;23697.45
2919959;21006.45
2920007;19907.79
2920106;8568.25
2920205;11144.59
2920304;9685.22
2920403;10804.93
2920452;6778.15
2920502;32865.72
2920601;8971.96
2920700;16520.48
2920809;9115.8
2920908;11858.24
2921005;27889.83
2921054;7422.78
2921104;22632.21
2921203;10599.55
2921302;13287.94
2921401;7602.4
2921450;9514.96
2921500;9360.71
2921609;9281.16
2921708;17648.85
2921807;8854.99
2921906;88818.38
2922003;51787.26
2922052;20336.37
2922102;7337.41
2922201;8950.97
2922250;18319.58
2922300;9407.81
2922409;21100.38
2922508;11540.19
2922607;13139.06
2922656;12189.34
2922706;10572.94
2922730;12158.12
2922755;15600.07
2922805;8800.02
2922854;8283.67
2922904;10047.07
2923001;13040.8
2923035;8316.99
2923050;6729.14
2923100;8535.66
2923209;13393.04
2923308;9404.52
2923357;15949.53
2923407;10905.54
2923506;11814.68
2923605;12441.24
2923704;8074.4
2923803;15610.33
2923902;11070.88
2924009;33262.53
2924058;9712.24
2924108;7028.06
2924207;7145.33
2924306;14405.06
2924405;8255.65
2924504;18183.92
2924603;7836.92
2924652;10561.22
2924678;11643.35
2924702;7744.84
2924801;7467.76
2924900;8412.61
2925006;11658.15
2925105;12232.18
2925204;45629.19
2925253;9683.61
2925303;24702.76
2925402;17359.62
2925501;22139.06
2925600;8707.33
2925709;8347.41
2925758;11967.89
2925808;10141.66
2925907;8232.09
2925931;8623.21
2925956;17496.89
2926004;11780.33
2926103;10276.38
2926202;68947.75
2926301;12249.9
2926400;8884.2
2926509;13146.19
2926608;13246.03
2926657;22675.04
2926707;12108.56
2926806;7454.11
2926905;8603.79
2927002;25033.0
2927101;15034.87
2927200;12712.32
2927309;12550.18
2927408;21706.06
2927507;8610.77
2927606;8574.39
2927705;19546.74
2927804;11405.46
2927903;7198.73
2928000;13851.52
2928059;10098.66
2928109;15124.72
2928208;12840.88
2928307;7662.32
2928406;9998.2
2928505;9640.48
2928604;18905.29
2928703;23746.79
2928802;17032.58
2928901;168146.14
2928950;9739.29
2929008;11695.55
2929057;15338.81
2929107;10071.81
2929206;321810.96
2929255;8139.76
2929305;30154.12
2929354;12061.38
2929370;12014.8
2929404;15046.12
2929503;19080.47
2929602;12247.06
2929701;14878.8
2929750;12031.98
2929800;7948.36
2929909;14103.88
2930006;9256.21
2930105;12512.82
2930154;13121.69
2930204;41541.36
2930303;11590.91
2930402;9506.26
2930501;13303.2
2930600;8781.78
2930709;46196.74
2930758;9156.98
2930766;10956.57
2930774;36229.7
2930808;7944.5
2930907;21439.63
2931004;12431.64
2931053;10442.62
2931103;8402.92
2931202;10352.23
2931301;8789.96
2931350;17504.82
2931400;24308.53
2931509;8462.37
2931608;14358.22
2931707;13089.85
2931806;8360.65
2931905;10705.98
2932002;9798.34
2932101;11544.35
2932200;13137.19
2932309;8148.97
2932408;12659.64
2932457;13434.87
2932507;18605.54
2932606;11987.35
2932705;14575.09
2932804;9620.61
2932903;17784.63
2933000;9237.34
2933059;7937.78
2933109;12564.78
2933158;18469.87
2933174;15487.45
2933208;13641.18
2933257;15186.69
2933307;23907.93
2933406;9591.73
2933455;13835.65
2933505;15896.95
2933604;9904.22
3100104;25174.26
3100203;23266.1
3100302;19553.86
3100401;16247.06
3100500;17888.2
3100609;14421.07
3100708;115725.51
3100807;20762.54
3100906;14913.12
3101003;17329.28
3101102;25402.54
3101201;21608.49
3101300;17958.99
3101409;51065.05
3101508;27422.83
3101607;43049.74
3101631;21364.59
3101706;15924.96
3101805;12700.99
3101904;26133.79
3102001;20357.31
3102050;16354.23
3102100;16798.64
3102209;14445.67
3102308;22478.72
3102407;17990.28
3102506;12045.13
3102605;28386.06
3102704;13262.75
3102803;23950.85
3102852;16818.81
3102902;21088.32
3103009;96894.13
3103108;18117.22
3103207;25422.8
3103306;15253.67
3103405;14163.67
3103504;49322.18
3103603;31861.03
3103702;14443.79
3103751;185156.76
3103801;60936.37
3103900;49809.64
3104007;82570.25
3104106;31547.24
3104205;57713.61
3104304;20234.71
3104403;14954.09
3104452;12645.43
3104502;17849.84
3104601;20339.56
3104700;15926.39
3104809;18423.57
3104908;19795.44
3105004;25871.06
3105103;32549.38
3105202;12476.94
3105301;14907.61
3105400;73393.52
3105509;11883.74
3105608;25335.18
3105707;16702.85
3105905;29022.49
3106002;55337.41
3106101;17992.57
3106200;41818.32
3106309;77527.64
3106408;36243.16
3106507;9551.5
3106606;11671.08
3106655;12734.93
3106705;73624.78
3106804;12668.63
3106903;18998.7
3107000;25978.67
3107109;26261.54
3107208;15766.67
3107307;24252.97
3107406;35269.0
3107505;19828.35
3107604;45924.06
3107703;25935.64
3107802;11568.99
3107901;15221.01
3108008;25271.28
3108107;19772.69
3108206;84995.13
3108255;8784.49
3108305;18923.96
3108404;21834.65
3108503;12103.05
3108552;24489.37
3108602;11627.4
3108701;11758.46
3108800;44982.9
3108909;13786.69
3109006;112233.99
3109105;21921.18
3109204;17474.86
3109253;11937.36
3109303;46229.61
3109402;26118.73
3109451;67955.62
3109501;20665.25
3109600;14487.2
3109709;46258.02
3109808;99124.77
3109907;26561.99
3110004;23695.84
3110103;15876.73
3110202;24569.91
3110301;23127.61
3110400;24964.43
3110509;45365.42
3110608;62049.99
3110707;28950.98
3110806;14298.98
3110905;26097.7
3111002;23104.32
3111101;27169.11
3111150;10616.58
3111200;22905.64
3111309;19843.07
3111408;84803.44
3111507;27730.44
3111606;24372.14
3111705;17088.06
3111804;55343.4
3111903;14348.74
3112000;24926.08
3112059;12406.75
3112109;17866.83
3112208;13534.64
3112307;23174.33
3112406;30215.68
3112505;12467.57
3112604;40910.84
3112653;10939.49
3112703;32591.49
3112802;37783.2
3112901;15427.23
3113008;8814.85
3113107;13169.27
3113206;29108.4
3113305;19358.62
3113404;24518.79
3113503;23419.5
3113602;25519.59
3113701;25642.26
3113800;14958.01
3113909;26379.28
3114006;23014.9
3114105;19322.94
3114204;27469.01
3114303;34945.92
3114402;32595.84
3114501;23365.28
3114550;40332.68
3114600;43842.86
3114709;19752.88
3114808;18141.26
3114907;30760.19
3115003;25741.18
3115102;24600.35
3115201;17449.47
3115300;21748.3
3115359;920833.97
3115409;11130.5
3115458;13420.7
3115474;11497.57
3115508;17204.61
3115607;19483.63
3115706;12334.73
3115805;33942.79
3115904;14661.46
3116001;20049.37
3116100;7247.1
3116159;28354.63
3116209;14020.88
3116308;10762.85
3116407;37352.16
3116506;11196.9
3116605;38451.85
3116704;18325.94
3116803;13756.65
3116902;49491.51
3117009;10285.11
3117108;26487.93
3117207;21692.56
3117306;45805.26
3117405;17685.15
3117504;519040.92
3117603;88902.87
3117702;25025.75
3117801;18994.87
3117836;8212.18
3117876;70734.21
3117900;18053.14
3118007;73709.5
3118106;9768.27
3118205;70049.61
3118304;23881.55
3118403;16708.53
3118502;17609.85
3118601;54136.41
3118700;25735.37
3118809;10251.33
3118908;16419.95
3119005;32084.04
3119104;25937.03
3119203;12690.02
3119302;54911.1
3119401;18029.42
3119500;13016.09
3119609;19419.15
3119708;26367.67
3119807;52273.69
3119906;12384.73
3119955;49904.63
3120003;14332.74
3120102;14262.94
3120151;11215.05
3120201;22628.65
3120300;9875.05
3120409;23967.13
3120508;22906.28
3120607;16383.73
3120706;50408.9
3120805;20461.59
3120839;14734.12
3120870;10226.6
3120904;27509.61
3121001;13618.93
3121100;15700.68
3121209;34599.14
3121258;42456.49
3121308;16206.3
3121407;35948.85
3121506;17657.89
3121605;20537.92
3121704;11363.34
3121803;12128.99
3121902;18575.93
3122009;15957.14
3122108;12416.03
3122207;10750.55
3122306;34355.36
3122355;25656.27
3122405;21452.98
3122454;8178.51
3122470;19065.15
3122504;13860.37
3122603;15289.15
3122702;20648.91
3122801;13052.06
3122900;16492.38
3123007;31116.02
3123106;37105.01
3123205;26339.03
3123304;15908.49
3123403;54667.85
3123502;41427.06
3123528;15560.07
3123601;24720.9
3123700;13936.2
3123809;12715.66
3123858;12061.39
3123908;17481.31
3124005;21529.87
3124104;13419.92
3124203;16254.21
3124302;11517.31
3124401;25854.33
3124500;52723.75
3124609;18586.66
3124708;47456.81
3124807;43679.34
3124906;19487.85
3125002;13825.96
3125101;362591.97
3125200;24698.85
3125309;20105.49
3125408;15837.34
3125507;15341.2
3125606;10030.05
3125705;18106.34
3125804;13101.7
3125903;15447.38
3125952;14134.11
3126000;18785.7
3126109;32581.52
3126208;32101.59
3126307;24956.6
3126406;17170.82
3126505;7546.65
3126604;14352.6
3126703;17077.75
3126752;19449.13
3126802;13674.68
3126901;15488.87
3126950;10171.36
3127008;49568.1
3127057;10777.9
3127073;8999.57
3127107;40872.58
3127206;18794.03
3127305;16814.67
3127339;11278.35
3127354;12945.77
3127370;14670.26
3127388;15513.28
3127404;21624.99
3127503;11153.48
3127602;16842.21
3127701;26165.06
3127800;48352.82
3127909;31890.41
3128006;28633.61
3128105;27386.89
3128204;11179.62
3128253;15589.72
3128303;28891.14
3128402;19461.62
3128501;15349.17
3128600;114474.42
3128709;53726.8
3128808;17600.19
3128907;40063.15
3129004;13793.57
3129103;32779.01
3129202;20150.08
3129301;15915.1
3129400;20716.39
3129509;60160.3
3129608;13560.18
3129657;9600.19
3129707;51550.46
3129806;17407.52
3129905;22201.2
3130002;19766.09
3130051;9134.97
3130101;21707.59
3130200;51874.24
3130309;74348.83
3130408;74228.52
3130507;21212.04
3130556;14503.11
3130606;17947.26
3130655;11914.84
3130705;124934.02
3130804;41544.77
3130903;16852.46
3131000;22951.75
3131109;11931.24
3131158;9527.36
3131208;17115.04
3131307;65869.82
3131406;43292.43
3131505;18563.37
3131604;42670.29
3131703;123006.06
3131802;11723.25
3131901;247940.0
3132008;11331.15
3132107;12454.64
3132206;29790.11
3132305;9419.18
3132404;33630.33
3132503;18431.8
3132602;15321.0
3132701;14696.07
3132800;17678.0
3132909;23351.61
3133006;74613.56
3133105;30315.87
3133204;12341.6
3133303;14701.65
3133402;33155.1
3133501;28915.19
3133600;85067.72
3133709;610779.65
3133758;44471.67
3133808;53834.65
3133907;13411.54
3134004;9849.06
3134103;20119.67
3134202;35891.17
3134301;15326.47
3134400;50309.34
3134509;46016.16
3134608;14403.17
3134707;10680.55
3134806;19619.02
3134905;43106.68
3135001;34860.43
3135050;21310.16
3135076;15136.53
3135100;22157.83
3135209;12133.95
3135308;22937.4
3135357;9688.75
3135407;407353.2
3135456;10214.67
3135506;15840.35
3135605;17614.92
3135704;24253.55
3135803;10754.52
3135902;21827.32
3136009;10509.42
3136108;25154.48
3136207;59963.67
3136306;44929.59
3136405;15206.06
3136504;9857.64
3136520;11565.81
3136553;14172.89
3136579;11815.85
3136603;18734.56
3136652;51653.48
3136702;35145.34
3136801;11839.64
3136900;25392.25
3136959;11502.41
3137007;8063.14
3137106;31961.94
3137205;37310.73
3137304;14675.29
3137403;26337.64
3137502;31130.75
3137536;30214.48
3137601;32802.82
3137700;20069.96
3137809;19293.34
3137908;15487.44
3138005;13971.34
3138104;29649.11
3138203;27818.1
3138302;17228.55
3138351;13448.01
3138401;21124.06
3138500;21553.54
3138609;20279.44
3138625;60582.62
3138658;9610.66
3138674;21249.6
3138682;9721.43
3138708;27448.05
3138807;35908.88
3138906;15811.47
3139003;32188.05
3139102;58993.52
3139201;12708.51
3139250;9155.69
3139300;13482.39
3139409;35607.52
3139508;24613.19
3139607;17248.55
3139706;28738.33
3139805;17526.23
3139904;14490.07
3140001;119155.4
3140100;14150.23
3140159;12520.55
3140209;24993.05
3140308;14999.89
3140407;15843.65
3140506;35176.11
3140530;24963.05
3140555;10526.08
3140605;13710.97
3140704;34132.67
3140803;42951.23
3140852;13964.57
3140902;22270.48
3141009;12741.8
3141108;39152.41
3141207;26036.56
3141306;64058.5
3141405;12224.08
3141504;12006.86
3141603;14085.21
3141702;10833.03
3141801;11112.45
3141900;42093.45
3142007;11941.74
3142106;16084.86
3142205;21973.7
3142254;9477.13
3142304;15529.83
3142403;20110.03
3142502;21433.52
3142601;26033.53
3142700;11313.56
3142809;35500.1
3142908;12467.46
3143005;27847.63
3143104;32440.12
3143153;8919.75
3143203;22477.33
3143302;25870.23
3143401;25011.26
3143450;10868.92
3143500;60432.26
3143609;21156.64
3143708;14113.38
3143807;21570.92
3143906;24137.53
3144003;18874.87
3144102;26091.09
3144201;11607.0
3144300;19924.58
3144359;12675.74
3144375;22725.11
3144409;24403.15
3144508;76794.68
3144607;23008.04
3144656;12205.08
3144672;27201.82
3144706;24702.73
3144805;216092.4
3144904;16530.55
3145000;69569.06
3145059;15515.42
3145109;22770.81
3145208;24352.06
3145307;10544.29
3145356;11256.56
3145372;13167.03
3145406;18836.72
3145455;33947.04
3145505;15528.17
3145604;26318.88
3145703;19047.02
3145802;20575.42
3145851;15170.99
3145877;14998.7
3145901;219860.0
3146008;27526.34
3146107;127232.37
3146206;11503.59
3146255;8999.72
3146305;10514.08
3146404;18654.32
3146503;63965.84
3146552;9617.09
3146602;17996.58
3146701;15693.82
3146750;12292.83
3146909;23511.04
3147006;76144.41
3147105;42098.58
3147204;29998.34
3147303;27752.05
3147402;36955.29
3147501;14574.0
3147600;28737.93
3147709;59808.53
3147808;20794.2
3147907;26081.82
3147956;9122.53
3148004;39738.04
3148103;39932.3
3148202;20206.33
3148301;14255.97
3148400;14048.81
3148509;11093.87
3148608;15407.09
3148707;16498.08
3148756;13480.12
3148806;19502.49
3148905;29206.43
3149002;16527.2
3149101;16460.4
3149150;8900.37
3149200;55906.67
3149309;29763.4
3149408;16778.21
3149507;18724.66
3149606;19184.76
3149705;18941.95
3149804;98918.71
3149903;29060.6
3149952;16574.4
3150000;11054.09
3150109;34082.97
3150158;15939.53
3150208;15149.65
3150307;24887.48
3150406;17842.82
3150505;32326.06
3150539;10483.1
3150570;9445.44
3150604;47478.8
3150703;62212.95
3150802;11347.31
3150901;14238.45
3151008;15671.86
3151107;59224.34
3151206;50580.69
3151305;18697.86
3151404;26073.15
3151503;36452.59
3151602;46149.3
3151701;23897.47
3151800;50234.29
3151909;14686.18
3152006;36287.11
3152105;35748.11
3152131;12096.62
3152170;10016.81
3152204;13931.71
3152303;11411.12
3152402;10122.67
3152501;69478.81
3152600;47333.42
3152709;25109.69
3152808;45907.1
3152907;26805.27
3153004;42299.41
3153103;12740.53
3153202;13744.52
3153301;12064.56
3153400;37169.17
3153509;15158.56
3153608;18583.47
3153707;21546.08
3153806;20557.6
3153905;11738.63
3154002;17893.53
3154101;11720.36
3154150;16727.6
3154200;17924.97
3154309;15972.45
3154408;77296.87
3154457;19338.76
3154507;56250.5
3154606;15177.16
3154705;25941.3
3154804;44894.6
3154903;17735.11
3155009;19723.72
3155108;10293.72
3155207;11179.64
3155306;19200.76
3155405;13398.92
3155504;73353.29
3155603;11082.95
3155702;93493.98
3155801;23182.02
3155900;12594.6
3156007;11141.09
3156106;19986.09
3156205;49137.34
3156304;66014.18
3156403;77429.93
3156452;14573.75
3156502;14277.94
3156601;10879.32
3156700;30474.48
3156809;21787.62
3156908;78738.77
3157005;15942.32
3157104;18829.72
3157203;51093.18
3157252;13595.98
3157278;17510.49
3157302;16098.97
3157336;11867.33
3157377;12029.68
3157401;16399.94
3157500;11717.67
3157609;15749.38
3157658;9046.39
3157708;59355.88
3157807;23863.19
3157906;21598.4
3158003;24757.78
3158102;9608.97
3158201;11695.78
3158300;34469.93
3158409;12773.83
3158508;15479.54
3158607;11889.16
3158706;15700.64
3158805;21867.84
3158904;21922.2
3158953;20818.42
3159001;23947.0
3159100;13286.87
3159209;25612.88
3159308;15448.41
3159357;20733.84
3159407;18272.52
3159506;33004.29
3159605;43969.93
3159704;30331.26
3159803;40140.53
3159902;18956.63
3160009;18856.11
3160108;22189.15
3160207;11880.62
3160306;9900.93
3160405;29473.46
3160454;9670.55
3160504;16228.63
3160603;16491.4
3160702;23793.1
3160801;16505.34
3160900;21354.17
3160959;16117.24
3161007;18125.06
3161056;13087.33
3161106;11446.32
3161205;23108.24
3161304;30763.55
3161403;15251.54
3161502;20738.3
3161601;11611.66
3161650;12169.53
3161700;38182.29
3161809;24361.9
3161908;684168.71
3162005;38470.78
3162104;32960.88
3162203;35560.06
3162252;12208.13
3162302;20081.08
3162401;10741.62
3162450;6983.08
3162500;33059.97
3162559;15536.64
3162575;13597.23
3162609;13780.13
3162658;9974.47
3162708;11979.66
3162807;16059.13
3162906;19084.4
3162922;33134.13
3162948;118358.54
3162955;25528.59
3163003;11549.69
3163102;22210.65
3163201;13723.34
3163300;13774.55
3163409;12581.76
3163508;15589.16
3163607;15659.26
3163706;25310.43
3163805;15122.87
3163904;32471.15
3164001;17606.8
3164100;15850.23
3164209;19123.79
3164308;45519.05
3164407;79135.44
3164431;21986.02
3164472;15565.34
3164506;10199.95
3164605;85924.5
3164704;31099.51
3164803;17571.23
3164902;15800.11
3165008;22414.96
3165107;27976.08
3165206;19208.82
3165305;26169.34
3165404;15652.58
3165503;10715.08
3165537;64346.33
3165552;9820.38
3165560;14216.64
3165578;16672.42
3165602;19007.94
3165701;13512.67
3165800;24962.26
3165909;22733.52
3166006;14013.7
3166105;14157.59
3166204;11053.0
3166303;14303.08
3166402;24357.44
3166501;10499.95
3166600;28392.42
3166709;10433.7
3166808;83678.44
3166907;21083.52
3166956;9813.13
3167004;19785.54
3167103;13982.29
3167202;51894.81
3167301;15505.21
3167400;22619.95
3167509;39707.08
3167608;14383.71
3167707;12303.29
3167806;13150.84
3167905;17915.28
3168002;16085.74
3168051;15864.94
3168101;140948.55
3168200;29984.35
3168309;16000.68
3168408;13189.15
3168507;16380.33
3168606;20893.97
3168705;61482.0
3168804;25209.23
3168903;59641.82
3169000;20853.44
3169059;17177.37
3169109;16912.97
3169208;17047.93
3169307;36734.42
3169356;95324.95
3169406;32896.24
3169505;12198.83
3169604;37169.53
3169703;21879.01
3169802;27420.97
3169901;30288.91
3170008;9258.29
3170057;13424.24
3170107;59943.87
3170206;61038.02
3170305;17107.6
3170404;50544.26
3170438;30580.0
3170479;29820.95
3170503;23226.29
3170529;11061.34
3170578;11970.81
3170602;40894.45
3170651;13504.4
3170701;58817.87
3170750;43704.06
3170800;26623.1
3170909;9704.8
3171006;56478.26
3171030;12118.32
3171071;23208.11
3171105;41671.0
3171154;13235.02
3171204;22909.06
3171303;22673.74
3171402;14974.51
3171501;13915.37
3171600;9585.82
3171709;20855.96
3171808;17587.98
3171907;11818.51
3172004;31179.87
3172103;26633.91
3172202;13011.59
3200102;18788.21
3200136;25569.52
3200169;17072.64
3200201;19255.36
3200300;31201.06
3200359;14288.16
3200409;190330.13
3200508;15671.29
3200607;50628.97
3200706;29410.41
3200805;29692.13
3200904;25717.01
3201001;17895.43
3201100;18705.68
3201159;23674.73
3201209;28971.61
3201308;35444.12
3201407;30840.84
3201506;35228.52
3201605;19284.89
3201704;21655.81
3201803;19494.28
3201902;28068.12
3202009;23521.6
3202108;18071.45
3202207;20933.85
3202256;25625.0
3202306;19523.61
3202405;19746.25
3202454;16818.25
3202504;22794.58
3202553;19477.09
3202603;22356.66
3202652;17277.94
3202702;23306.18
3202801;164321.47
3202900;25498.86
3203007;18303.85
3203056;30505.38
3203106;13953.04
3203130;38527.18
3203163;17189.1
3203205;44705.34
3203304;12973.52
3203320;169634.89
3203346;30156.14
3203353;23900.87
3203403;23291.34
3203502;21658.03
3203601;17693.51
3203700;22318.22
3203809;15018.64
3203908;26396.41
3204005;15303.47
3204054;15105.82
3204104;31219.96
3204203;39130.36
3204252;13416.69
3204302;580174.17
3204351;27099.83
3204401;19766.4
3204500;27126.63
3204559;39228.24
3204609;24197.6
3204658;37932.39
3204708;19497.63
3204807;19323.88
3204906;21894.57
3204955;18170.42
3205002;69452.01
3205010;21341.8
3205036;19749.3
3205069;26795.66
3205101;52363.51
3205150;19465.82
3205176;30861.26
3205200;32056.78
3205309;85035.67
3300100;53262.55
3300159;20698.33
3300209;31109.37
3300225;33490.89
3300233;84721.42
3300258;87763.22
3300308;26833.48
3300407;34816.53
3300456;17156.71
3300506;31941.54
3300605;24343.72
3300704;52801.54
3300803;21885.51
3300902;25807.81
3300936;43108.68
3300951;70311.39
3301009;72243.98
3301108;41730.95
3301157;30853.68
3301207;29286.22
3301306;51285.71
3301405;18426.37
3301504;20592.99
3301603;21553.24
3301702;57170.07
3301801;28769.59
3301850;21920.68
3301876;21517.5
3301900;23078.43
3302007;76916.73
3302056;27215.6
3302106;27396.34
3302205;32533.22
3302254;213339.67
3302270;14395.69
3302304;25235.04
3302403;66684.01
3302452;38057.84
3302502;19237.2
3302601;69913.59
3302700;511810.82
3302809;19147.47
3302858;14796.57
3302908;24686.21
3303005;24404.52
3303104;21186.94
3303203;18782.18
3303302;128333.01
3303401;33000.12
3303500;21559.06
3303609;21902.8
3303708;28006.34
3303807;44262.66
3303856;24510.16
3303906;51003.6
3303955;56826.17
3304003;82208.92
3304102;21814.01
3304110;209624.88
3304128;20945.97
3304144;28636.92
3304151;234850.73
3304201;80712.15
3304300;30057.69
3304409;23342.67
3304508;31314.82
3304524;56096.82
3304557;53078.23
3304607;22599.44
3304706;30081.81
3304755;28060.15
3304805;21811.97
3304904;18504.81
3305000;269169.78
3305109;18935.5
3305133;27190.85
3305158;33522.52
3305208;25509.14
3305307;25625.42
3305406;54765.99
3305505;458767.96
3305554;56977.34
3305604;27675.96
3305703;38202.73
3305752;19902.27
3305802;31880.03
3305901;22718.51
3306008;76977.41
3306107;40447.29
3306156;23568.37
3306206;35458.96
3306305;71551.44
3500105;38997.12
3500204;32578.28
3500303;35551.7
3500402;25297.02
3500501;30971.23
3500550;35378.64
3500600;41208.23
3500709;70209.74
3500758;20765.46
3500808;28649.11
3500907;26662.17
3501004;51377.61
3501103;27853.08
3501152;210670.96
3501202;34389.1
3501301;28306.72
3501400;11012.49
3501509;17965.24
3501608;62271.47
3501707;29617.13
3501806;21158.4
3501905;70437.56
3502002;40726.1
3502101;49703.65
3502200;57306.48
3502309;24534.54
3502408;25316.58
3502507;28750.03
3502606;36763.62
3502705;37278.88
3502754;206250.44
3502804;45268.6
3502903;34075.1
3503000;26415.31
3503109;30569.27
3503158;18584.03
3503208;49692.93
3503307;50772.4
3503356;35382.28
3503406;26206.9
3503505;14877.99
3503604;14577.19
3503703;115410.74
3503802;30610.29
3503901;89703.63
3503950;21788.35
3504008;38598.78
3504107;57512.36
3504206;23409.76
3504305;68793.46
3504404;14178.27
3504503;35721.22
3504602;30636.12
3504701;10674.14
3504800;30257.55
3504909;19568.66
3505005;21264.23
3505104;14488.16
3505203;45290.86
3505302;41955.79
3505351;23082.16
3505401;16542.32
3505500;47783.95
3505609;18630.66
3505708;207460.98
3505807;50936.28
3505906;38097.08
3506003;43806.93
3506102;52575.43
3506201;69504.55
3506300;33842.25
3506359;31255.51
3506409;35693.15
3506508;31305.12
3506607;29190.32
3506706;25197.09
3506805;22429.71
3506904;17546.39
3507001;53597.04
3507100;55196.42
3507159;15912.41
3507209;88432.72
3507308;105669.34
3507407;31833.29
3507456;27255.19
3507506;39937.48
3507605;46153.09
3507704;20826.02
3507753;25996.26
3507803;34947.5
3507902;45209.02
3508009;34121.21
3508108;36037.97
3508207;53769.11
3508306;24368.03
3508405;116591.7
3508504;54458.95
3508603;19914.05
3508702;30182.07
3508801;38094.8
3508900;16640.38
3509007;46700.03
3509106;15997.16
3509205;287384.67
3509254;61714.65
3509304;16049.99
3509403;28623.2
3509452;24817.17
3509502;59634.21
3509601;29291.03
3509700;27503.81
3509809;38724.17
3509908;21082.0
3509957;24688.77
3510005;48339.61
3510104;38184.58
3510153;30627.93
3510203;26945.89
3510302;18457.62
3510401;52495.21
3510500;36201.7
3510609;16909.54
3510708;25957.47
3510807;38464.9
3510906;117809.94
3511003;64508.48
3511102;42386.42
3511201;19342.42
3511300;56401.2
3511409;46928.25
3511508;46293.89
3511607;39826.25
3511706;29370.12
3511904;20959.14
3512001;82881.19
3512100;59974.07
3512209;30159.5
3512308;23872.16
3512407;163554.17
3512506;35303.73
3512605;30746.6
3512704;84731.24
3512803;28255.87
3512902;69530.67
3513009;62486.58
3513108;48891.09
3513207;39369.07
3513306;68116.76
3513405;38390.41
3513504;165607.5
3513603;15269.84
3513702;61036.51
3513801;43031.91
3513850;38685.19
3513900;44568.55
3514007;15286.82
3514106;30150.85
3514205;27963.37
3514304;90318.49
3514403;30557.62
3514502;20338.59
3514601;33647.69
3514700;25295.64
3514809;21122.95
3514908;55521.14
3514924;20323.57
3514957;23385.21
3515004;51258.86
3515103;20683.01
3515129;24451.77
3515152;30446.44
3515186;46311.65
3515194;18630.23
3515202;89460.5
3515301;22511.33
3515350;14708.88
3515400;29419.47
3515509;35430.06
3515608;35416.65
3515657;46552.1
3515707;23863.13
3515806;30176.19
3515905;28393.24
3516002;17731.75
3516101;65354.84
3516200;31450.1
3516309;10439.01
3516408;27126.51
3516507;33755.37
3516606;26907.52
3516705;38831.12
3516804;17476.7
3516853;244615.79
3516903;25343.09
3517000;18806.06
3517109;25880.65
3517208;18704.97
3517307;76293.81
3517406;65519.59
3517505;40585.65
3517604;25989.08
3517703;28896.21
3517802;39546.1
3517901;32986.54
3518008;18556.87
3518107;29367.05
3518206;36072.94
3518305;50771.09
3518404;63948.0
3518503;16300.18
3518602;27783.09
3518701;32292.29
3518800;55084.22
3518859;31618.94
3518909;17505.62
3519006;36890.4
3519055;93777.73
3519071;77357.5
3519105;54825.02
3519204;50533.65
3519253;17261.62
3519303;32354.27
3519402;25170.21
3519501;30862.28
3519600;32137.74
3519709;29609.37
3519808;25025.6
3519907;52789.96
3520004;15357.34
3520103;42208.35
3520202;24936.71
3520301;51053.14
3520400;385605.85
3520426;118036.8
3520442;26261.81
3520509;87525.86
3520608;17846.96
3520707;28664.34
3520806;33790.08
3520905;32911.22
3521002;25010.8
3521101;121154.37
3521150;22360.76
3521200;15181.67
3521309;26361.5
3521408;85178.34
3521507;22987.71
3521606;13115.75
3521705;58380.87
3521804;33471.94
3521903;61001.88
3522000;58993.27
3522109;22704.86
3522158;16009.98
3522208;27338.58
3522307;38058.01
3522406;39783.21
3522505;52656.14
3522604;62845.44
3522653;12247.37
3522703;37459.11
3522802;20103.59
3522901;70205.57
3523008;20950.66
3523107;25112.29
3523206;23286.15
3523305;24725.72
3523404;66360.02
3523503;18764.35
3523602;68413.96
3523701;24568.81
3523800;25230.99
3523909;59502.19
3524006;130938.58
3524105;45131.05
3524204;22013.21
3524303;46151.86
3524402;67874.93
3524501;92434.87
3524600;29651.56
3524709;233328.91
3524808;40212.72
3524907;51684.83
3525003;38426.42
3525102;34708.42
3525201;96153.71
3525300;36376.16
3525409;53750.36
3525508;19442.33
3525607;32483.14
3525706;36644.42
3525805;12197.96
3525854;61724.71
3525904;135081.2
3526001;38510.78
3526100;19673.56
3526209;18025.29
3526308;15150.97
3526407;48579.92
3526506;14696.45
3526605;18111.28
3526704;38964.09
3526803;70818.58
3526902;51678.31
3527009;30018.14
3527108;85642.71
3527207;43299.19
3527256;18818.34
3527306;385773.53
3527405;26531.25
3527504;29214.5
3527603;99603.69
3527702;15851.42
3527801;21340.47
3527900;38571.53
3528007;37292.64
3528106;24094.91
3528205;24669.23
3528304;33742.07
3528403;56474.15
3528502;22076.24
3528601;29272.78
3528700;25999.5
3528809;36775.73
3528858;38648.5
3528908;18663.17
3529005;40272.45
3529104;19070.41
3529203;28179.26
3529302;63716.37
3529401;43128.78
3529500;66474.78
3529609;103289.4
3529658;42887.61
3529708;45201.82
3529807;17373.68
3529906;23420.28
3530003;22515.72
3530102;24753.46
3530201;32957.78
3530300;43778.54
3530409;42951.06
3530508;44065.5
3530607;43031.34
3530706;44538.21
3530805;67095.62
3530904;35344.16
3531001;25620.96
3531100;21421.71
3531209;30829.71
3531308;47713.32
3531407;29885.78
3531506;33768.09
3531605;30746.0
3531704;17520.67
3531803;69972.02
3531902;36487.83
3532009;45445.18
3532058;24983.62
3532108;19453.5
3532157;44261.55
3532207;129106.16
3532306;14098.9
3532405;24667.18
3532504;30979.89
3532603;31773.36
3532702;17820.45
3532801;45514.97
3532827;22192.26
3532843;25386.3
3532868;47027.11
3532900;32768.54
3533007;23447.89
3533106;15762.88
3533205;51548.89
3533254;12986.7
3533304;14278.82
3533403;65145.09
3533502;37973.31
3533601;115407.02
3533700;32921.81
3533809;52419.92
3533908;45985.63
3534005;46086.02
3534104;19753.85
3534203;87570.54
3534302;57728.08
3534401;122765.64
3534500;43366.02
3534609;32836.81
3534708;34406.86
3534757;51226.69
3534807;15558.53
3534906;15195.79
3535002;31646.21
3535101;9964.11
3535200;23443.85
3535309;40347.04
3535408;19933.87
3535507;39015.76
3535606;19220.43
3535705;42122.5
3535804;45907.58
3535903;32360.15
3536000;67842.13
3536109;55976.73
3536208;29601.64
3536257;24630.17
3536307;91078.82
3536406;26544.4
3536505;457517.7
3536570;26505.01
3536604;30054.05
3536703;64521.62
3536802;19271.43
3536901;32369.01
3537008;102593.26
3537107;30658.23
3537156;56819.68
3537206;15521.76
3537305;32488.66
3537404;42339.32
3537503;35826.95
3537602;28211.36
3537701;19534.68
3537800;28657.0
3537909;43096.72
3538006;79951.7
3538105;28703.01
3538204;20216.61
3538303;18103.98
3538501;14661.29
3538600;23959.72
3538709;84225.76
3538808;30945.65
3538907;20820.31
3539004;31655.48
3539103;42495.88
3539202;33165.84
3539301;42833.73
3539400;20048.02
3539509;34369.55
3539608;36082.23
3539707;33283.11
3539806;31616.47
3539905;25044.23
3540002;87425.49
3540101;27887.43
3540200;28285.96
3540259;20773.37
3540309;49170.31
3540408;28351.02
3540507;22903.9
3540606;69921.89
3540705;43904.33
3540754;12047.78
3540804;35101.25
3540853;9468.33
3540903;49306.42
3541000;25940.64
3541059;23527.63
3541109;19014.7
3541208;25644.3
3541307;29738.9
3541406;39845.11
3541505;20760.95
3541604;51330.11
3541653;37038.08
3541703;57387.58
3541802;194914.13
3541901;28178.35
3542008;41016.0
3542107;48529.75
3542206;46459.21
3542305;17461.44
3542404;47932.82
3542503;18401.03
3542602;41751.4
3542701;27280.56
3542800;18699.17
3542909;27794.44
3543006;37255.94
3543105;66664.82
3543204;49451.73
3543238;21152.38
3543253;15221.41
3543303;31068.87
3543402;55484.91
3543501;17299.84
3543600;52357.63
3543709;20883.52
3543808;35113.28
3543907;63209.08
3544004;49338.49
3544103;18472.33
3544202;20921.21
3544251;121065.75
3544301;34421.96
3544400;24710.59
3544509;32233.41
3544608;31123.73
3544707;22566.69
3544806;26150.29
3544905;34473.89
3545001;14499.33
3545100;18037.04
3545159;44465.92
3545209;77029.01
3545308;47995.61
3545407;29155.3
3545506;72374.52
3545605;24461.0
3545704;35584.96
3545803;40073.67
3546009;20959.37
3546108;45847.14
3546207;35264.11
3546256;29296.72
3546306;18687.66
3546405;57811.23
3546504;18714.85
3546603;41007.46
3546702;139885.74
3546801;28340.36
3546900;14751.7
3547007;24297.18
3547106;23436.56
3547205;27564.35
3547304;79579.96
3547403;27518.08
3547502;29877.17
3547601;30914.1
3547650;27025.83
3547700;26650.73
3547809;45062.56
3547908;30114.17
3548005;78794.3
3548054;33916.19
3548104;37602.53
3548203;21690.65
3548302;14964.67
3548401;16609.02
3548500;55508.46
3548609;37283.14
3548708;68571.36
3548807;95640.71
3548906;55044.88
3549003;18189.76
3549102;44794.34
3549201;20591.79
3549250;26507.78
3549300;27920.27
3549409;41547.41
3549508;25749.88
3549607;15297.56
3549706;42952.13
3549805;44679.93
3549904;61315.88
3549953;17697.76
3550001;19098.4
3550100;32463.42
3550209;28853.83
3550308;66872.84
3550407;24418.31
3550506;30342.39
3550605;37074.85
3550704;174696.31
3550803;35304.59
3550902;32456.75
3551009;16506.51
3551108;19433.04
3551207;26651.32
3551306;116133.14
3551405;12785.98
3551504;29221.73
3551603;28485.03
3551702;55352.42
3551801;29783.21
3551900;15258.78
3552007;14518.99
3552106;26870.22
3552205;64046.61
3552304;29307.88
3552403;55816.79
3552502;48818.92
3552551;84169.56
3552601;22859.37
3552700;20278.99
3552809;34588.58
3552908;29259.48
3553005;23824.33
3553104;17319.16
3553203;25108.07
3553302;30119.07
3553401;50458.24
3553500;23966.14
3553609;23275.49
3553658;16647.2
3553708;28846.24
3553807;42424.52
3553856;61548.88
3553906;22125.16
3553955;58396.99
3554003;40892.85
3554102;50495.56
3554201;31023.44
3554300;26801.81
3554409;18410.36
3554508;50258.52
3554607;25047.71
3554656;15524.93
3554706;28177.45
3554755;25639.0
3554805;18591.56
3554904;20839.4
3554953;25756.65
3555000;33732.18
3555109;21720.31
3555208;27877.78
3555307;44206.07
3555356;32774.2
3555406;29152.88
3555505;23709.14
3555604;39430.92
3555703;30538.05
3555802;31344.02
3555901;40623.52
3556008;34609.7
3556107;31863.26
3556206;59842.76
3556305;45529.09
3556354;14148.82
3556404;29684.07
3556453;53359.16
3556503;31913.34
3556602;22231.9
3556701;154054.53
3556800;23190.53
3556909;46388.5
3556958;24394.51
3557006;31487.9
3557105;40190.41
3557154;46763.19
3557204;21448.28
3557303;33843.06
4100103;30140.55
4100202;63631.39
4100301;22674.09
4100400;15947.74
4100459;67332.6
4100509;20747.69
4100608;29192.99
4100707;42092.67
4100806;29176.4
4100905;18911.54
4101002;38549.37
4101051;41475.92
4101101;41191.94
4101150;52613.12
4101200;37048.49
4101309;31445.78
4101408;28189.54
4101507;39149.76
4101606;50824.66
4101655;51561.44
4101705;39018.11
4101804;170125.52
4101853;63664.72
4101903;36478.15
4102000;49040.24
4102109;33567.88
4102208;45806.54
4102307;69966.95
4102406;33274.08
4102505;26524.95
4102604;25538.63
4102703;53994.67
4102752;31414.33
4102802;34014.05
4102901;33658.71
4103008;71587.36
4103024;58521.93
4103040;56993.31
4103057;24632.62
4103107;21066.48
4103156;33318.79
4103206;22143.17
4103222;92499.86
4103305;39060.72
4103354;45249.28
4103370;109465.23
4103404;38364.98
4103453;103778.69
4103479;37483.08
4103503;29304.69
4103602;32034.21
4103701;46520.49
4103800;35173.74
4103909;41647.39
4103958;39254.11
4104006;49376.42
4104055;60821.41
4104105;32185.94
4104204;42257.57
4104253;17964.99
4104303;53562.73
4104402;28869.34
4104428;52715.43
4104451;25184.85
4104501;57726.48
4104600;79030.78
4104659;65176.2
4104709;31871.53
4104808;46976.49
4104907;50347.9
4105003;35091.66
4105102;40960.07
4105201;22652.48
4105300;79412.65
4105409;47651.2
4105508;35771.57
4105607;33349.14
4105706;51273.61
4105805;22842.86
4105904;32809.41
4106001;32108.39
4106100;39176.79
4106209;29222.03
4106308;62009.98
4106407;37882.76
4106456;42947.64
4106506;43433.82
4106555;28866.17
4106571;41898.39
4106605;40998.59
4106704;46357.24
4106803;26907.14
4106852;52273.46
4106902;49907.02
4107009;18055.67
4107108;59944.36
4107124;21926.22
4107157;24255.65
4107207;48921.89
4107256;93597.1
4107306;33469.25
4107405;52715.48
4107504;40584.18
4107520;39954.49
4107538;67333.74
4107546;40911.0
4107553;72035.16
4107603;28779.4
4107652;31927.39
4107702;44967.52
4107736;45649.28
4107751;21181.49
4107801;49000.9
4107850;39855.65
4107900;39148.52
4108007;38640.04
4108106;29746.95
4108205;58437.29
4108304;73534.49
4108320;48899.41
4108403;39597.05
4108452;41213.59
4108502;32611.06
4108551;25416.43
4108601;37392.3
4108650;44184.49
4108700;32114.19
4108809;34033.18
4108908;41008.09
4108957;33226.19
4109005;46978.22
4109104;34904.03
4109203;40288.15
4109302;42780.95
4109401;45219.68
4109500;15643.19
4109609;25866.35
4109658;59356.44
4109708;27578.3
4109757;28551.26
4109807;59501.61
4109906;32253.35
4110003;47491.38
4110052;37319.79
4110078;20535.37
4110102;38757.0
4110201;23903.16
4110300;18680.84
4110409;113474.61
4110508;40139.66
4110607;43768.84
4110656;87715.1
4110706;37212.5
4110805;35316.65
4110904;27517.51
4110953;45291.86
4111001;34321.07
4111100;37372.99
4111209;61623.39
4111258;21258.32
4111308;32503.7
4111407;35427.84
4111506;29727.09
4111555;24589.82
4111605;43529.53
4111704;30019.41
4111803;40697.5
4111902;75709.97
4112009;50833.4
4112108;37131.72
4112207;48899.02
4112306;33157.3
4112405;33552.33
4112504;33805.27
4112603;43584.29
4112702;22283.34
4112751;53568.47
4112801;56092.66
4112900;39430.86
4112959;60870.69
4113007;57314.41
4113106;41457.2
4113205;58401.14
4113254;19763.62
4113304;31951.5
4113403;58364.13
4113429;39839.41
4113452;44761.21
4113502;29837.55
4113601;44449.25
4113700;40636.89
4113734;75776.65
4113759;30292.4
4113809;26466.49
4113908;55371.69
4114005;61489.61
4114104;29426.09
4114203;53014.37
4114302;23966.47
4114351;33366.74
4114401;107007.02
4114500;39322.07
4114609;54115.26
4114708;24040.1
4114807;73526.3
4114906;53048.12
4115002;24602.47
4115101;27537.3
4115200;51908.79
4115309;66104.97
4115358;85964.22
4115408;44085.52
4115457;26024.98
4115507;22126.59
4115606;60024.71
4115705;24992.19
4115739;39211.07
4115754;33993.16
4115804;52026.64
4115853;49534.82
4115903;58094.56
4116000;29302.32
4116059;43570.31
4116109;25586.92
4116208;23612.37
4116307;33946.78
4116406;24826.1
4116505;33292.16
4116604;28507.42
4116703;80918.59
4116802;72116.33
4116901;33612.53
4116950;32869.52
4117008;38786.71
4117057;26898.21
4117107;33588.39
4117206;18682.89
4117214;25733.07
4117222;52914.12
4117255;46729.6
4117271;36140.29
4117297;32234.85
4117305;125166.19
4117404;48701.95
4117453;52789.8
4117503;25035.43
4117602;30790.74
4117701;48142.63
4117800;25939.77
4117909;86939.78
4118006;26547.42
4118105;27859.98
4118204;86717.02
4118303;28083.2
4118402;35548.61
4118451;42312.81
4118501;53648.87
4118600;74045.21
4118709;53483.78
4118808;32407.58
4118857;45512.01
4118907;31537.0
4119004;38184.61
4119103;70453.65
4119152;59079.55
4119202;39773.88
4119251;29268.85
4119301;54851.08
4119400;46229.0
4119509;13213.37
4119608;38430.52
4119657;36948.03
4119707;24276.36
4119806;31778.1
4119905;54316.58
4119954;22903.26
4120002;44031.43
4120101;33301.6
4120150;54269.08
4120200;42532.26
4120309;24340.57
4120333;44913.54
4120358;65434.42
4120408;27323.94
4120507;33335.27
4120606;29782.6
4120655;82131.21
4120705;28269.42
4120804;80039.23
4120853;62721.52
4120903;42255.94
4121000;21471.28
4121109;57939.58
4121208;26262.3
4121257;25285.9
4121307;49378.6
4121356;90246.03
4121406;43774.47
4121505;35785.75
4121604;62394.97
4121703;28122.36
4121752;31998.12
4121802;36125.48
4121901;26269.94
4122008;47275.0
4122107;33008.65
4122156;33349.16
4122172;28043.39
4122206;42153.61
4122305;37477.75
4122404;52447.59
4122503;63312.92
4122602;36225.59
4122651;28266.01
4122701;101429.37
4122800;36692.89
4122909;21322.09
4123006;35429.43
4123105;31442.18
4123204;47193.99
4123303;48684.56
4123402;25928.17
4123501;54197.49
4123600;32841.43
4123709;29837.51
4123808;31293.06
4123824;36922.32
4123857;29026.17
4123907;42791.96
4123956;22463.39
4124004;34909.63
4124020;57894.02
4124053;28728.52
4124103;32377.92
4124202;20707.25
4124301;52081.94
4124400;31852.54
4124509;98142.7
4124608;56894.74
4124707;29122.78
4124806;87991.12
4124905;26569.18
4125001;36497.91
4125100;37735.83
4125209;52566.77
4125308;72507.92
4125357;26281.08
4125407;37579.8
4125456;27502.48
4125506;80717.4
4125555;28799.62
4125605;32181.24
4125704;53082.67
4125753;43023.44
4125803;33318.9
4125902;39882.77
4126009;33860.14
4126108;28293.49
4126207;22942.31
4126256;20962.06
4126272;140973.05
4126306;34196.93
4126355;65324.84
4126405;80884.23
4126504;41980.09
4126603;32901.6
4126652;55046.1
4126678;25633.93
4126702;24312.5
4126801;30138.8
4126900;28143.29
4127007;48305.51
4127106;60971.64
4127205;32908.97
4127304;22058.69
4127403;50881.4
4127502;69611.31
4127601;33328.52
4127700;51745.73
4127809;42105.95
4127858;36223.55
4127882;15551.33
4127908;27492.5
4127957;53232.85
4127965;46362.98
4128005;82368.19
4128104;36183.64
4128203;33607.71
4128302;38081.98
4128401;32748.89
4128500;36742.11
4128534;28338.49
4128559;40663.64
4128609;70446.49
4128625;43223.91
4128633;17958.74
4128658;46837.97
4128708;72445.13
4128807;21426.52
4200051;29646.51
4200101;43621.44
4200200;35492.31
4200309;41807.92
4200408;90930.69
4200507;21040.34
4200556;69655.52
4200606;30026.7
4200705;33191.8
4200754;41248.18
4200804;37207.3
4200903;37247.98
4201000;34127.28
4201109;26235.15
4201208;91422.34
4201257;40398.52
4201273;66635.06
4201307;183116.55
4201406;34317.67
4201505;30763.41
4201604;35505.67
4201653;91500.25
4201703;30537.45
4201802;39623.72
4201901;71547.9
4201950;16094.47
4202008;49301.41
4202057;22583.61
4202073;18802.13
4202081;39039.04
4202099;32170.94
4202107;77674.67
4202131;30823.44
4202156;21255.57
4202206;39514.66
4202305;37884.91
4202404;56155.65
4202438;38814.82
4202453;41998.46
4202503;77409.04
4202537;51609.65
4202578;34501.29
4202602;41595.46
4202701;79794.37
4202800;50875.18
4202859;65924.69
4202875;59513.45
4202909;62044.42
4203006;58773.87
4203105;51823.35
4203154;29378.94
4203204;25718.35
4203253;95262.07
4203303;58375.96
4203402;48338.42
4203501;52668.42
4203600;70809.55
4203709;23547.81
4203808;40376.72
4203907;46110.8
4203956;52929.03
4204004;47796.53
4204103;47409.88
4204152;24325.15
4204178;46933.43
4204194;32372.27
4204202;60166.46
4204251;52196.27
4204301;60241.75
4204350;94779.48
4204400;38539.31
4204459;22411.37
4204509;48927.49
4204558;48011.32
4204608;45871.13
4204707;83184.26
4204756;33782.2
4204806;46834.52
4204905;36746.79
4205001;40805.41
4205100;39232.06
4205159;42194.15
4205175;18989.84
4205191;85741.16
4205209;41403.62
4205308;71337.18
4205357;40808.13
4205407;45602.98
4205431;31692.37
4205456;44327.22
4205506;34677.27
4205555;53228.76
4205605;36868.88
4205704;32120.12
4205803;108052.68
4205902;57793.4
4206009;30505.62
4206108;49711.35
4206207;33232.99
4206306;50664.89
4206405;45623.37
4206504;53769.65
4206603;38980.39
4206652;75652.73
4206702;27341.12
4206751;38731.28
4206801;46101.95
4206900;31141.54
4207007;60654.48
4207106;83624.84
4207205;25889.78
4207304;54744.62
4207403;41481.11
4207502;50804.13
4207577;76457.16
4207601;24529.33
4207650;41930.24
4207684;42060.38
4207700;60897.95
4207759;34297.27
4207809;26727.48
4207858;30001.45
4207908;40421.58
4208005;66440.04
4208104;47859.71
4208203;210729.12
4208302;41670.53
4208401;62122.97
4208450;77581.19
4208500;54630.43
4208609;46508.96
4208708;51246.68
4208807;41458.46
4208906;65295.54
4208955;44286.54
4209003;77597.18
4209102;74531.62
4209151;25993.68
4209177;42358.08
4209201;61277.74
4209300;41846.27
4209409;23556.74
4209458;42366.11
4209508;62169.55
4209607;27226.41
4209706;34381.16
4209805;40465.25
4209854;33533.32
4209904;37301.37
4210001;59391.43
4210035;51550.66
4210050;33661.59
4210100;43817.87
4210209;17931.82
4210308;36581.74
4210407;36595.2
4210506;67792.65
4210555;57602.29
4210605;43380.49
4210704;25628.34
4210803;48697.4
4210852;39625.65
4210902;40285.25
4211009;90503.33
4211058;23468.47
4211108;28731.69
4211207;50954.44
4211256;50318.4
4211306;71643.41
4211405;47845.46
4211454;43777.23
4211504;46066.99
4211603;69255.25
4211652;50649.44
4211702;51296.22
4211751;51975.52
4211801;34837.08
4211850;62475.82
4211876;40380.45
4211892;36111.89
4211900;45940.71
4212007;45384.13
4212056;70290.94
4212106;56599.05
4212205;43734.95
4212239;43632.07
4212254;25600.25
4212270;43019.07
4212304;32715.7
4212403;61922.73
4212502;30475.02
4212601;44253.39
4212650;11680.06
4212700;38062.83
4212809;62076.5
4212908;71746.97
4213005;62514.45
4213104;220268.82
4213153;48822.21
4213203;81195.67
4213302;38051.45
4213351;48636.59
4213401;24929.88
4213500;65515.91
4213609;32220.81
4213708;40021.42
4213807;30559.62
4213906;49750.06
4214003;54804.92
4214102;27528.44
4214151;46068.84
4214201;47332.67
4214300;57206.61
4214409;46469.64
4214508;36309.6
4214607;36560.56
4214706;39786.84
4214805;50593.32
4214904;65391.05
4215000;37822.98
4215059;28204.81
4215075;32629.64
4215109;33485.74
4215208;24284.48
4215307;41456.71
4215356;25119.64
4215406;55697.51
4215455;35541.99
4215505;38931.54
4215554;47568.58
4215604;33855.46
4215653;23706.37
4215679;30704.73
4215687;28102.67
4215695;40030.46
4215703;52551.44
4215752;39373.42
4215802;54415.88
4215901;40278.89
4216008;45458.73
4216057;38928.81
4216107;47756.65
4216206;155542.28
4216255;54990.07
4216305;25923.12
4216354;89358.69
4216404;38582.35
4216503;41474.58
4216602;54544.43
4216701;41136.18
4216800;39583.67
4216909;56707.72
4217006;66911.55
4217105;34550.76
4217154;28035.68
4217204;52711.62
4217253;16725.49
4217303;53385.25
4217402;33593.65
4217501;66924.22
4217550;36326.4
4217600;47931.8
4217709;29282.87
4217758;34948.22
4217808;45466.26
4217907;69474.97
4217956;40814.27
4218004;61114.71
4218103;29011.31
4218202;55453.4
4218251;37894.78
4218301;78265.31
4218350;58025.97
4218400;28110.99
4218509;101924.63
4218608;58343.18
4218707;44956.12
4218756;40447.82
4218806;56408.72
4218855;36007.99
4218905;31497.18
4218954;36058.38
4219002;50731.67
4219101;56315.85
4219150;48655.31
4219176;122393.1
4219200;56130.12
4219309;63823.38
4219358;28993.17
4219408;43449.39
4219507;51194.26
4219606;54703.92
4219705;50967.99
4219853;30199.01
4220000;22440.07
4300034;91994.39
4300059;146445.07
4300109;40863.53
4300208;74961.71
4300307;28383.93
4300406;42485.08
4300455;47648.88
4300471;142847.94
4300505;33369.8
4300554;66755.15
4300570;53088.35
4300604;15550.82
4300638;20688.31
4300646;24036.02
4300661;142922.95
4300703;54248.7
4300802;61154.04
4300851;80442.31
4300877;40484.64
4300901;154104.03
4301008;72750.17
4301057;27241.9
4301073;25887.92
4301107;25163.34
4301206;31911.3
4301305;62222.04
4301404;32263.13
4301503;77033.28
4301552;46470.87
4301602;30846.53
4301636;21310.39
4301651;49438.57
4301701;51643.3
4301750;18850.07
4301800;60546.74
4301859;17394.57
4301875;91123.36
4301909;37126.68
4301925;49813.05
4301958;64388.93
4302006;21895.98
4302055;25630.36
4302105;60918.83
4302154;114288.93
4302204;48701.61
4302220;190085.27
4302238;146184.34
4302253;43320.08
4302303;54447.36
4302352;62757.39
4302378;46436.67
4302402;32378.99
4302451;19554.48
4302501;79966.92
4302584;108341.64
4302600;40032.87
4302659;22934.5
4302709;25919.33
4302808;33536.47
4302907;50694.42
4303004;43440.91
4303103;48874.53
4303202;33294.25
4303301;55167.67
4303400;32805.41
4303509;40843.08
4303558;189265.97
4303608;38003.51
4303673;60171.09
4303707;44914.25
4303806;73663.3
4303905;51443.5
4304002;76231.72
4304101;45853.46
4304200;34255.3
4304309;58702.31
4304358;282683.22
4304408;34711.89
4304507;29448.32
4304606;62892.77
4304614;40157.66
4304622;210105.78
4304630;35739.83
4304655;172220.01
4304663;32600.83
4304671;80707.69
4304689;24508.37
4304697;34432.45
4304705;61635.35
4304713;19660.45
4304804;115232.73
4304853;53087.07
4304903;79153.17
4304952;61708.82
4305009;73932.28
4305108;60506.95
4305116;42156.31
4305124;26865.43
4305132;19101.32
4305157;32687.84
4305173;16152.52
4305207;55941.51
4305306;80536.95
4305355;41649.07
4305371;46267.26
4305405;105546.96
4305439;54200.93
4305447;23511.99
4305454;21427.39
4305504;56330.74
4305587;35364.42
4305603;109506.71
4305702;92330.04
4305801;43658.25
4305835;35008.88
4305850;83874.61
4305871;89696.56
4305900;71419.97
4305934;30623.65
4305959;43914.1
4305975;154691.89
4306007;38358.26
4306056;38037.96
4306072;33359.29
4306106;77389.3
4306130;82018.89
4306205;42787.38
4306304;48470.51
4306320;54601.48
4306353;24527.63
4306379;89569.01
4306403;65238.03
4306429;99996.91
4306452;50616.02
4306502;22940.15
4306551;26005.05
4306601;57844.71
4306700;36036.35
4306734;59542.4
4306759;40106.77
4306767;49900.17
4306809;50694.44
4306908;41512.46
4306924;78554.93
4306932;82344.41
4306957;76180.58
4306973;60603.72
4307005;64103.0
4307054;83742.62
4307104;37256.6
4307203;31565.21
4307302;52854.5
4307401;119373.62
4307450;41015.55
4307500;71380.17
4307559;59200.96
4307609;36564.93
4307708;44988.45
4307807;62633.5
4307815;54145.31
4307831;175516.28
4307864;71970.31
4307906;59633.5
4308003;40611.12
4308052;45729.43
4308078;30090.25
4308102;42930.67
4308201;80956.1
4308250;60303.24
4308300;22342.41
4308409;46095.12
4308433;24671.04
4308458;132824.77
4308508;45165.14
4308607;83756.02
4308656;70489.57
4308706;51913.23
4308805;33142.16
4308854;117756.19
4308904;49118.74
4309001;76479.16
4309050;55622.0
4309100;72103.34
4309126;46453.26
4309159;25007.13
4309209;35934.57
4309258;89842.5
4309308;84254.24
4309407;43858.55
4309506;49049.53
4309555;49425.43
4309571;23564.77
4309605;134124.88
4309654;45617.4
4309704;48651.94
4309753;25546.56
4309803;78314.21
4309902;55000.81
4309951;53540.94
4310009;84109.24
4310108;50031.27
4310207;61760.07
4310306;34674.18
4310330;26424.42
4310363;167318.28
4310405;81626.01
4310413;50093.22
4310439;44326.21
4310462;94937.47
4310504;36118.47
4310538;51436.88
4310553;71263.11
4310579;46261.07
4310603;58531.72
4310652;36490.36
4310702;25996.27
4310751;38786.64
4310801;47087.23
4310850;36578.03
4310876;82423.05
4310900;65770.01
4311007;40239.75
4311106;35381.69
4311122;26042.85
4311130;135082.01
4311155;113803.19
4311205;100483.88
4311239;23448.31
4311254;23912.37
4311270;97967.03
4311304;54534.96
4311403;65067.95
4311429;29145.22
4311502;67155.99
4311601;33898.65
4311627;59074.46
4311643;38038.69
4311700;50419.98
4311718;128231.01
4311734;23680.66
4311759;74773.78
4311775;28232.21
4311791;29788.54
4311809;67219.06
4311908;39590.38
4311981;26848.63
4312005;36681.94
4312054;31181.68
4312104;35505.31
4312138;66163.47
4312153;39017.82
4312179;54901.02
4312203;37875.46
4312252;34338.93
4312302;38862.02
4312351;68627.31
4312377;33898.25
4312385;37563.3
4312401;86949.68
4312427;48847.68
4312443;28178.72
4312450;20039.8
4312476;41729.98
4312500;49916.42
4312609;60771.23
4312617;352413.31
4312625;48389.03
4312658;123422.26
4312674;87733.01
4312708;45403.84
4312757;63973.55
4312807;66917.24
4312906;79512.9
4312955;83964.24
4313003;42195.23
4313011;85704.31
4313037;31539.73
4313060;36379.38
4313086;39098.98
4313102;58703.35
4313201;44789.05
4313300;61740.72
4313334;138805.04
4313359;45232.13
4313375;81606.01
4313391;31363.74
4313409;40589.43
4313425;58399.67
4313441;34137.89
4313466;44007.49
4313490;32305.57
4313508;38855.58
4313607;44932.84
4313656;64856.58
4313706;67189.91
4313805;38497.82
4313904;71052.72
4313953;59331.51
4314001;54464.94
4314027;27162.33
4314035;35118.04
4314050;23398.44
4314068;22967.57
4314076;34730.74
4314100;60905.63
4314134;85049.56
4314159;28387.36
4314175;200305.43
4314209;35227.12
4314308;120888.24
4314407;31347.6
4314423;66860.05
4314456;47787.94
4314464;160718.98
4314472;216252.56
4314498;26704.69
4314506;32810.02
4314548;24212.76
4314555;42934.46
4314605;42437.1
4314704;25359.66
4314753;62592.03
4314779;103467.34
4314787;63989.35
4314803;43654.26
4314902;54647.38
4315008;30053.37
4315057;38314.42
4315073;35939.08
4315107;20793.08
4315131;38725.99
4315149;71942.18
4315156;26706.68
4315172;48347.62
4315206;34561.44
4315305;27772.79
4315313;99979.63
4315321;107161.62
4315354;66960.55
4315404;19767.66
4315453;39983.85
4315503;42887.51
4315552;53086.08
4315602;62392.39
4315701;36346.75
4315750;33173.28
4315800;49851.25
4315909;47593.36
4315958;71327.05
4316006;33884.81
4316105;44347.96
4316204;53421.99
4316303;64744.41
4316402;35245.33
4316428;31762.83
4316436;97938.15
4316451;96983.27
4316477;65277.41
4316501;42339.98
4316600;51509.18
4316709;171000.57
4316733;88269.41
4316758;50200.65
4316808;74205.0
4316907;33532.26
4316956;43780.58
4316972;139226.56
4317004;45402.39
4317103;37330.14
4317202;50513.48
4317251;28949.13
4317301;59922.92
4317400;41004.58
4317509;41012.36
4317558;56561.14
4317608;38723.81
4317707;67869.46
4317756;93889.23
4317806;61423.02
4317905;55305.62
4317954;56384.95
4318002;43012.23
4318051;39933.74
4318101;44473.17
4318200;46934.89
4318309;43790.22
4318408;27148.45
4318424;39815.86
4318432;41347.83
4318440;47482.38
4318457;37475.0
4318465;30835.69
4318481;23936.9
4318499;90094.6
4318507;28446.79
4318606;66997.04
4318614;38156.8
4318622;43728.9
4318705;45159.57
4318804;39103.99
4318903;57474.25
4319000;52647.06
4319109;66347.14
4319125;104119.72
4319158;112835.1
4319208;44254.79
4319307;35470.0
4319356;29174.82
4319364;56383.85
4319372;54801.17
4319406;33059.31
4319505;34381.59
4319604;56671.05
4319703;42093.07
4319711;42515.69
4319737;33099.83
4319752;41847.5
4319802;83568.15
4319901;44906.27
4320008;29500.52
4320107;51915.53
4320206;57805.09
4320230;54794.43
4320263;21846.87
4320305;73361.94
4320321;53987.11
4320354;24182.11
4320404;43283.1
4320453;31535.66
4320503;102394.85
4320552;47793.25
4320578;54712.96
4320602;41422.91
4320651;36630.0
4320677;21028.34
4320701;29163.04
4320800;45230.98
4320859;29502.75
4320909;65852.84
4321006;60580.29
4321105;34781.51
4321204;27171.31
4321303;40661.52
4321329;61297.18
4321352;22657.34
4321402;43273.27
4321436;25729.73
4321451;45981.15
4321469;56784.45
4321477;35473.86
4321493;36808.11
4321501;35095.54
4321600;23072.56
4321626;33499.3
4321634;53891.49
4321667;27614.79
4321709;27813.49
4321808;56767.21
4321832;24297.46
4321857;42185.43
4321907;43406.37
4321956;60779.96
4322004;430464.73
4322103;46209.93
4322152;26356.28
4322186;65464.21
4322202;84856.89
4322251;106314.39
4322301;49616.17
4322327;48041.68
4322343;56727.23
4322350;84108.0
4322376;64642.76
4322400;29322.46
4322509;48503.58
4322525;36944.67
4322533;22969.08
4322541;32797.33
4322558;44495.54
4322608;51566.6
4322707;30254.93
4322806;64845.47
4322855;67251.6
4322905;44204.95
4323002;16846.27
4323101;27927.91
4323200;104179.68
4323309;87335.42
4323358;81609.37
4323408;89149.59
4323457;45844.94
4323507;50279.94
4323606;54879.53
4323705;36218.23
4323754;52269.64
4323770;86946.36
4323804;42809.21
5000203;77081.38
5000252;43312.1
5000609;43884.18
5000708;27508.95
5000807;45726.31
5000856;106924.28
5000906;80098.54
5001003;52822.84
5001102;25007.82
5001243;81659.48
5001508;104256.82
5001904;44412.79
5002001;53061.87
5002100;39325.43
5002159;45112.32
5002209;53761.59
5002308;72772.16
5002407;67669.26
5002605;46584.73
5002704;37916.06
5002803;28753.23
5002902;35488.52
5002951;91707.11
5003108;24410.15
5003157;22914.88
5003207;34684.48
5003256;97722.89
5003306;33316.2
5003454;37903.72
5003488;28765.87
5003504;33357.95
5003702;55246.68
5003751;44791.75
5003801;33882.86
5003900;46773.62
5004007;30808.58
5004106;37345.58
5004304;49855.39
5004403;53691.86
5004502;46357.44
5004601;57637.3
5004700;73940.5
5004809;17871.65
5004908;51488.62
5005004;31335.42
5005103;119162.85
5005152;67667.37
5005202;15963.35
5005251;135696.4
5005400;82720.52
5005608;23261.99
5005681;41910.19
5005707;53347.5
5005806;34263.19
5006002;85497.54
5006200;55026.03
5006259;79146.93
5006275;185063.32
5006309;38865.51
5006358;20207.76
5006408;36934.26
5006606;52713.01
5006903;27314.06
5007109;74883.61
5007208;96052.07
5007307;28229.7
5007406;31622.15
5007505;54772.98
5007554;59470.28
5007695;80686.47
5007703;35780.23
5007802;262882.35
5007901;52756.45
5007935;43707.56
5007950;27141.8
5007976;50790.26
5008008;33500.79
5008305;104352.29
5008404;51367.95
5100102;20561.61
5100201;74990.39
5100250;40531.28
5100300;59497.11
5100359;37231.59
5100409;97187.86
5100508;14382.3
5100607;113538.74
5100805;22418.58
5101001;41316.47
5101209;30845.7
5101258;38361.43
5101308;24711.43
5101407;62691.39
5101605;15262.65
5101704;44018.43
5101803;41607.18
5101852;112613.63
5101902;101462.2
5102504;23753.91
5102603;26958.25
5102637;187188.91
5102678;113394.08
5102686;455838.1
5102694;56716.7
5102702;132641.17
5102793;29658.71
5102850;24494.82
5103007;53931.12
5103056;86593.96
5103106;52079.24
5103205;37495.61
5103254;20651.18
5103304;59213.23
5103353;47721.27
5103361;34399.39
5103379;15773.04
5103403;47700.88
5103437;23513.3
5103452;55018.49
5103502;257582.45
5103601;83260.65
5103700;70377.74
5103809;24516.56
5103858;163138.13
5103908;84131.44
5103957;29844.05
5104104;30166.45
5104203;46198.67
5104500;36921.25
5104526;235258.71
5104542;102626.15
5104559;116106.91
5104609;156247.05
5104807;43250.68
5104906;22421.04
5105002;41639.89
5105101;38713.76
5105150;32361.19
5105176;17721.06
5105200;47524.61
5105234;39221.83
5105259;98915.82
5105309;20224.35
5105507;38942.45
5105580;66743.72
5105606;75388.99
5105622;29702.61
5105903;72718.09
5106000;55592.83
5106109;29622.31
5106158;21391.37
5106174;35035.46
5106182;64948.2
5106190;88750.48
5106208;29851.26
5106216;70608.91
5106224;125187.35
5106232;35164.43
5106240;261783.61
5106257;47627.46
5106265;50945.76
5106273;24944.48
5106281;178424.27
5106299;70518.15
5106307;91867.26
5106315;20458.85
5106372;89805.8
5106422;25734.2
5106455;87939.09
5106505;21252.49
5106653;17674.65
5106703;20481.87
5106752;52840.74
5106778;44260.34
5106802;246782.25
5106828;25346.89
5106851;29907.24
5107008;67630.15
5107040;109043.17
5107065;231667.59
5107107;23873.07
5107156;17235.37
5107180;72424.03
5107198;77486.61
5107206;20830.42
5107248;224418.59
5107263;51063.2
5107297;14374.39
5107305;68644.21
5107354;165549.74
5107404;14366.2
5107578;28110.57
5107602;72181.58
5107701;31476.72
5107743;118731.1
5107750;29237.92
5107768;343161.27
5107776;35169.16
5107792;186843.37
5107800;47655.17
5107859;135991.34
5107875;253910.54
5107883;43686.5
5107909;64607.12
5107925;131899.11
5107941;141052.69
5107958;51892.66
5108006;139617.54
5108055;54104.74
5108105;83165.07
5108204;60613.76
5108303;145942.7
5108352;24697.43
5108402;34151.42
5108501;110130.08
5108600;32627.85
5108808;37993.87
5108857;126907.27
5108907;133034.17
5108956;39171.89
5200050;38622.0
5200100;21334.94
5200134;46315.9
5200159;19400.94
5200175;91260.12
5200209;35293.9
5200258;11052.96
5200308;39776.23
5200506;32251.19
5200555;188378.9
5200605;38319.04
5200803;19317.45
5200829;28148.86
5200852;14694.5
5200902;39489.53
5201108;44860.34
5201207;18523.83
5201306;23178.92
5201405;28213.26
5201454;44491.53
5201504;92759.84
5201603;21303.17
5201702;13606.58
5201801;16321.67
5202155;23107.53
5202353;90406.19
5202502;28236.14
5202601;27190.95
5202809;28342.24
5203104;22746.12
5203203;135151.35
5203302;47766.93
5203401;28911.53
5203500;47168.42
5203559;11970.13
5203575;34206.22
5203609;24615.27
5203807;34067.31
5203906;49155.71
5203939;23098.87
5203962;27169.84
5204003;58772.45
5204102;21932.48
5204201;29093.26
5204250;8685.14
5204300;54740.81
5204409;42563.87
5204508;31527.54
5204557;21702.16
5204607;19862.56
5204656;30457.5
5204706;25855.05
5204805;107398.29
5204854;20415.37
5204904;15667.6
5204953;36924.53
5205000;47391.43
5205059;27104.65
5205109;87685.74
5205208;19635.13
5205307;39322.37
5205406;32787.08
5205455;43779.36
5205471;202715.24
5205497;13528.98
5205513;21006.17
5205521;21095.95
5205703;32995.73
5205802;23188.22
5205901;70839.08
5206206;74974.64
5206305;40548.09
5206404;40809.95
5206503;28790.65
5206602;34350.06
5206701;13621.15
5206800;17831.38
5206909;278454.66
5207105;39096.53
5207253;55878.01
5207352;110169.39
5207402;73518.51
5207501;22992.23
5207535;25676.74
5207600;27855.7
5207808;20002.51
5207907;14409.16
5208004;25836.62
5208103;27249.74
5208152;79664.33
5208301;19506.41
5208400;26244.18
5208509;35786.48
5208608;26209.49
5208707;38483.54
5208806;23827.46
5208905;34522.53
5209101;63235.88
5209150;27875.01
5209200;24473.26
5209291;27385.52
5209408;22647.9
5209457;38276.46
5209606;22414.5
5209705;58986.49
5209804;25432.76
5209903;15934.79
5209937;37852.64
5209952;41116.41
5210000;26208.47
5210109;88777.75
5210158;24183.63
5210208;27844.57
5210307;25779.67
5210406;40717.25
5210562;20950.72
5210604;20077.23
5210802;29804.12
5210901;22957.92
5211008;50746.28
5211206;21625.79
5211305;44273.04
5211404;24446.39
5211503;49832.28
5211602;60836.45
5211701;71123.73
5211800;17633.06
5211909;77472.0
5212006;29246.5
5212055;15883.46
5212105;46127.55
5212204;37965.38
5212253;30915.65
5212303;44788.08
5212501;25322.67
5212600;37444.08
5212709;11591.02
5212808;31540.79
5212907;30283.73
5212956;39493.54
5213004;17016.16
5213053;96137.29
5213087;45467.16
5213103;47334.97
5213400;36192.97
5213509;13730.33
5213707;62061.41
5213756;115134.24
5213772;23981.14
5213806;39557.81
5213855;24727.92
5213905;31996.24
5214002;63757.4
5214051;39830.62
5214101;23050.68
5214408;29537.06
5214507;33014.91
5214606;27445.17
5214705;20692.74
5214804;31766.48
5214838;48273.7
5214861;17507.08
5214879;20913.15
5214903;20753.97
5215009;19352.83
5215207;30714.96
5215231;9645.45
5215256;34940.56
5215306;59249.42
5215405;40772.28
5215504;111007.81
5215603;30051.96
5215652;49911.27
5215702;59193.38
5215801;23403.91
5215900;61499.64
5216007;42327.07
5216304;23154.98
5216403;141965.55
5216452;224457.66
5216809;17458.09
5216908;90276.06
5217104;50483.15
5217203;59972.94
5217302;25391.73
5217401;44033.84
5217609;15906.74
5217708;40069.82
5218003;31180.63
5218052;55908.76
5218102;91091.58
5218300;18552.12
5218391;22449.72
5218508;41843.87
5218607;28691.24
5218706;17221.78
5218789;68973.42
5218805;65948.14
5218904;28277.26
5219001;28513.05
5219100;22997.54
5219209;106126.79
5219258;46582.9
5219308;41603.02
5219357;32236.34
5219407;22497.6
5219456;32686.66
5219506;31047.5
5219605;27303.62
5219704;22756.37
5219712;65696.0
5219738;23484.36
5219753;10740.31
5219803;15501.28
5219902;20843.18
5220009;39519.42
5220058;106413.74
5220108;43113.66
5220157;26105.86
5220207;31652.35
5220264;77155.36
5220280;26200.79
5220405;67212.38
5220454;39235.95
5220504;74691.15
5220603;62830.64
5220686;25136.64
5220702;24972.69
5221007;25470.46
5221080;11057.61
5221197;25350.44
5221304;22565.69
5221403;20200.76
5221452;20052.54
5221502;45157.61
5221551;103995.03
5221577;27365.87
5221601;31588.72
5221700;21337.92
5221809;53927.59
5221858;16870.66
5221908;27309.69
5222005;60900.61
5222054;53340.72
5222203;27886.97
5222302;51845.31
5300108;92732.27
